INSERT INTO halls(id, title, lines_count, line_seats_count)
VALUES (1, 'VIP', 10, 20),
       (2, 'Синий', default, 15),
       (3, 'Красный', 30, default);

INSERT INTO movies (id, title, duration)
VALUES (1, 'Люди в чёрном', 98),
       (2, 'Матрица', 136),
       (3, 'Проект: Альф', 95);

-- >>>>>>>>>>>>>>>>>
-- HomeWork 12 BEGIN

INSERT INTO movies_attributes_types (id, name, description)
VALUES (1, 'text', 'Текст'),
       (2, 'short_label', 'Строка до 120 символов'),
       (3, 'logic', 'Логическое значение'),
       (4, 'date', 'Дата'),
       (5, 'real', 'Вещественные числа'),
       (6, 'monetary', 'Денежные суммы, проценты'),
       (7, 'number', 'Целые числа');

INSERT INTO movies_attributes (id, name, type_id)
VALUES (1, 'Рецензии критиков', 1),
       (2, 'Отзыв киноакадемии', 1),
       (3, 'Премия Оскар', 3),
       (4, 'Приемия Ника', 3),
       (5, 'Мировая премьера', 4),
       (6, 'Премьера в РФ', 4),
       (7, 'Цифровой релиз', 4),
       (8, 'Начало продажи билетов', 4),
       (9, 'Запуск рекламной кампании на ТВ', 4),
       (10, 'Рейтинг IMDb', 5),
       (11, 'Рейтинг КиноПоиск', 5),
       (12, 'Бюджет съёмок', 6),
       (13, 'Сборы в мире', 6),
       (14, 'Сборы в РФ', 6),
       (15, 'Проданные билеты', 7),
       (16, 'Показы', 7),
       (17, 'Студия', 2);

INSERT INTO movies_attributes_values (id_movie, id_attribute, as_text)
VALUES (1, 1, 'я как пупкин иван петрович заявляю: это хороший фильм'),
       (2, 1, 'я как пупкин иван петрович заявляю: это хороший фильм'),
       (3, 1, 'я как пупкин иван петрович заявляю: это хороший фильм'),

       (1, 17, 'Columbia'),
       (2, 17, 'Universal'),
       (3, 17, 'Videogram'),

       (2, 2, 'наша тьмутараканская академия заявляет своё компетентное мнение: фильм достойный'),
       (2, 2, 'академия имени тудыбердыева заявляет своё компетентное мнение: фильм достойный');

INSERT INTO movies_attributes_values (id_movie, id_attribute, as_bool)
VALUES (1, 3, true),
       (2, 3, true),
       (2, 4, true);

INSERT INTO movies_attributes_values (id_movie, id_attribute, as_date)
VALUES (1, 5, current_date + interval '28 Days'),
       (1, 6, current_date - interval '1 Days'),
       (1, 7, current_date),
       (2, 5, current_date - interval '15 Days'),
       (2, 6, current_date - interval '42 Days'),
       (2, 7, current_date),
       (3, 5, current_date - interval '8 Days'),
       (1, 8, current_date),
       (1, 9, current_date + interval '20 Days'),
       (2, 8, current_date),
       (2, 9, current_date + interval '19 Days');

INSERT INTO movies_attributes_values (id_movie, id_attribute, as_float)
VALUES (1, 11, 9.15601),
       (2, 11, 9.2),
       (3, 11, 8.5784),
       (2, 10, 7.960222),
       (3, 10, 6.81998);


INSERT INTO movies_attributes_values (id_movie, id_attribute, as_int)
VALUES (1, 15, 10),
       (2, 15, 500),
       (3, 15, 1000),
       (1, 16, 0),
       (2, 16, 0),
       (3, 16, 0);

INSERT INTO movies_attributes_values (id_movie, id_attribute, as_dec)
VALUES (1, 12, 123456),
       (3, 12, 654321),
       (2, 14, 9876.45),
       (1, 13, 123987456.98),
       (1, 14, 14782583.19);

-- HomeWork 12 FINISH
-- <<<<<<<<<<<<<<<<<<

INSERT INTO sessions (id, hall_id, movie_id, date, time)
VALUES (1, 1, 1, '1997-09-16', '08:00'),
       (2, 1, 1, '1997-09-16', '12:00'),
       (3, 1, 1, '1997-09-16', '16:00'),
       (4, 1, 1, '1997-09-16', '20:00'),
       (5, 1, 2, '1999-10-14', '07:00'),
       (6, 1, 2, '1999-10-14', '10:00'),
       (7, 1, 2, '1999-10-14', '13:00'),
       (8, 1, 2, '1999-10-14', '16:00'),
       (9, 1, 2, '1999-10-14', '21:00'),
       (10, 1, 3, '1996-02-17', '07:00'),
       (11, 1, 3, '1996-02-17', '09:00'),
       (12, 1, 3, '1996-02-17', '11:00'),
       (13, 1, 3, '1996-02-17', '13:00'),
       (14, 1, 3, '1996-02-17', '15:00'),
       (15, 1, 3, '1996-02-17', '19:00'),
       (16, 1, 3, '1996-02-17', '21:00'),
       (17, 1, 3, '1996-02-17', '23:00'),
       (18, 2, 1, '1997-09-16', '08:00'),
       (19, 2, 1, '1997-09-16', '12:00'),
       (20, 2, 1, '1997-09-16', '16:00'),
       (21, 2, 1, '1997-09-16', '20:00'),
       (22, 2, 2, '1999-10-14', '07:00'),
       (23, 2, 2, '1999-10-14', '10:00'),
       (24, 2, 2, '1999-10-14', '13:00'),
       (25, 2, 2, '1999-10-14', '16:00'),
       (26, 2, 2, '1999-10-14', '21:00'),
       (27, 2, 3, '1996-02-17', '07:00'),
       (28, 2, 3, '1996-02-17', '09:00'),
       (29, 2, 3, '1996-02-17', '11:00'),
       (30, 2, 3, '1996-02-17', '13:00'),
       (31, 2, 3, '1996-02-17', '15:00'),
       (32, 2, 3, '1996-02-17', '19:00'),
       (33, 2, 3, '1996-02-17', '21:00'),
       (34, 2, 3, '1996-02-17', '23:00'),
       (35, 3, 1, '1997-09-16', '08:00'),
       (36, 3, 1, '1997-09-16', '12:00'),
       (37, 3, 1, '1997-09-16', '16:00'),
       (38, 3, 1, '1997-09-16', '20:00'),
       (39, 3, 2, '1999-10-14', '07:00'),
       (40, 3, 2, '1999-10-14', '10:00'),
       (41, 3, 2, '1999-10-14', '13:00'),
       (42, 3, 2, '1999-10-14', '16:00'),
       (43, 3, 2, '1999-10-14', '21:00'),
       (44, 3, 3, '1996-02-17', '07:00'),
       (45, 3, 3, '1996-02-17', '09:00'),
       (46, 3, 3, '1996-02-17', '11:00'),
       (47, 3, 3, '1996-02-17', '13:00'),
       (48, 3, 3, '1996-02-17', '15:00'),
       (49, 3, 3, '1996-02-17', '19:00'),
       (50, 3, 3, '1996-02-17', '21:00'),
       (51, 3, 3, '1996-02-17', '23:00');

INSERT INTO tickets (session_id, seat_number, line_number, price)
VALUES (1, 1, 1, 20000),
       (1, 2, 1, 20000),
       (1, 3, 8, 20000),
       (1, 9, 1, 20000),
       (1, 10, 1, 20000),
       (1, 4, 2, 20000),
       (1, 4, 5, 20000),
       (2, 1, 1, 20000),
       (2, 2, 1, 20000),
       (2, 3, 8, 20000),
       (2, 9, 1, 20000),
       (2, 10, 1, 20000),
       (2, 4, 2, 20000),
       (2, 4, 5, 20000),
       (3, 1, 1, 20000),
       (3, 2, 1, 20000),
       (3, 3, 8, 20000),
       (3, 9, 1, 20000),
       (3, 10, 1, 20000),
       (3, 4, 2, 20000),
       (3, 4, 5, 20000),
       (4, 1, 1, 20000),
       (4, 2, 1, 20000),
       (4, 3, 8, 20000),
       (4, 9, 1, 20000),
       (4, 10, 1, 20000),
       (4, 4, 2, 20000),
       (4, 4, 5, 20000),
       (5, 1, 1, 20000),
       (5, 2, 1, 20000),
       (5, 3, 8, 20000),
       (5, 9, 1, 20000),
       (5, 10, 1, 20000),
       (5, 4, 2, 20000),
       (5, 4, 5, 20000),
       (6, 1, 1, 20000),
       (6, 2, 1, 20000),
       (6, 3, 8, 20000),
       (6, 9, 1, 20000),
       (6, 10, 1, 20000),
       (6, 4, 2, 20000),
       (6, 4, 5, 20000),
       (7, 1, 1, 20000),
       (7, 2, 1, 20000),
       (7, 3, 8, 20000),
       (7, 9, 1, 20000),
       (7, 10, 1, 20000),
       (7, 4, 2, 20000),
       (7, 4, 5, 20000),
       (8, 1, 1, 20000),
       (8, 2, 1, 20000),
       (8, 3, 8, 20000),
       (8, 9, 1, 20000),
       (8, 10, 1, 20000),
       (8, 4, 2, 20000),
       (8, 4, 5, 20000),
       (9, 1, 1, 20000),
       (9, 2, 1, 20000),
       (9, 3, 8, 20000),
       (9, 9, 1, 20000),
       (9, 10, 1, 20000),
       (9, 4, 2, 20000),
       (9, 4, 5, 20000),
       (10, 1, 1, 20000),
       (10, 2, 1, 20000),
       (10, 3, 8, 20000),
       (10, 9, 1, 20000),
       (10, 10, 1, 20000),
       (10, 4, 2, 20000),
       (10, 4, 5, 20000),
       (11, 1, 1, 20000),
       (11, 2, 1, 20000),
       (11, 3, 8, 20000),
       (11, 9, 1, 20000),
       (11, 10, 1, 20000),
       (11, 4, 2, 20000),
       (11, 4, 5, 20000),
       (12, 1, 1, 20000),
       (12, 2, 1, 20000),
       (12, 3, 8, 20000),
       (12, 9, 1, 20000),
       (12, 10, 1, 20000),
       (12, 4, 2, 20000),
       (12, 4, 5, 20000),
       (13, 1, 1, 20000),
       (13, 2, 1, 20000),
       (13, 3, 8, 20000),
       (13, 9, 1, 20000),
       (13, 10, 1, 20000),
       (13, 4, 2, 20000),
       (13, 4, 5, 20000),
       (14, 1, 1, 20000),
       (14, 2, 1, 20000),
       (14, 3, 8, 20000),
       (14, 9, 1, 20000),
       (14, 10, 1, 20000),
       (14, 4, 2, 20000),
       (14, 4, 5, 20000),
       (15, 1, 1, 20000),
       (15, 2, 1, 20000),
       (15, 3, 8, 20000),
       (15, 9, 1, 20000),
       (15, 10, 1, 20000),
       (15, 4, 2, 20000),
       (15, 4, 5, 20000),
       (16, 1, 1, 20000),
       (16, 2, 1, 20000),
       (16, 3, 8, 20000),
       (16, 9, 1, 20000),
       (16, 10, 1, 20000),
       (16, 4, 2, 20000),
       (16, 4, 5, 20000),
       (17, 1, 1, 20000),
       (17, 2, 1, 20000),
       (17, 3, 8, 20000),
       (17, 9, 1, 20000),
       (17, 10, 1, 20000),
       (17, 4, 2, 20000),
       (17, 4, 5, 20000),
       (18, 1, 1, 20000),
       (18, 2, 1, 20000),
       (18, 3, 8, 20000),
       (18, 9, 1, 20000),
       (18, 10, 1, 20000),
       (18, 4, 2, 20000),
       (18, 4, 5, 20000),
       (19, 1, 1, 20000),
       (19, 2, 1, 20000),
       (19, 3, 8, 20000),
       (19, 9, 1, 20000),
       (19, 10, 1, 20000),
       (19, 4, 2, 20000),
       (19, 4, 5, 20000),
       (20, 1, 1, 20000),
       (20, 2, 1, 20000),
       (20, 3, 8, 20000),
       (20, 9, 1, 20000),
       (20, 10, 1, 20000),
       (20, 4, 2, 20000),
       (20, 4, 5, 20000),
       (21, 1, 1, 20000),
       (21, 2, 1, 20000),
       (21, 3, 8, 20000),
       (21, 9, 1, 20000),
       (21, 10, 1, 20000),
       (21, 4, 2, 20000),
       (21, 4, 5, 20000),
       (22, 1, 1, 20000),
       (22, 2, 1, 20000),
       (22, 3, 8, 20000),
       (22, 9, 1, 20000),
       (22, 10, 1, 20000),
       (22, 4, 2, 20000),
       (22, 4, 5, 20000),
       (23, 1, 1, 20000),
       (23, 2, 1, 20000),
       (23, 3, 8, 20000),
       (23, 9, 1, 20000),
       (23, 10, 1, 20000),
       (23, 4, 2, 20000),
       (23, 4, 5, 20000),
       (24, 1, 1, 20000),
       (24, 2, 1, 20000),
       (24, 3, 8, 20000),
       (24, 9, 1, 20000),
       (24, 10, 1, 20000),
       (24, 4, 2, 20000),
       (24, 4, 5, 20000),
       (25, 1, 1, 20000),
       (25, 2, 1, 20000),
       (25, 3, 8, 20000),
       (25, 9, 1, 20000),
       (25, 10, 1, 20000),
       (25, 4, 2, 20000),
       (25, 4, 5, 20000),
       (26, 1, 1, 20000),
       (26, 2, 1, 20000),
       (26, 3, 8, 20000),
       (26, 9, 1, 20000),
       (26, 10, 1, 20000),
       (26, 4, 2, 20000),
       (26, 4, 5, 20000),
       (27, 1, 1, 20000),
       (27, 2, 1, 20000),
       (27, 3, 8, 20000),
       (27, 9, 1, 20000),
       (27, 10, 1, 20000),
       (27, 4, 2, 20000),
       (27, 4, 5, 20000),
       (28, 1, 1, 20000),
       (28, 2, 1, 20000),
       (28, 3, 8, 20000),
       (28, 9, 1, 20000),
       (28, 10, 1, 20000),
       (28, 4, 2, 20000),
       (28, 4, 5, 20000),
       (29, 1, 1, 20000),
       (29, 2, 1, 20000),
       (29, 3, 8, 20000),
       (29, 9, 1, 20000),
       (29, 10, 1, 20000),
       (29, 4, 2, 20000),
       (29, 4, 5, 20000),
       (30, 1, 1, 20000),
       (30, 2, 1, 20000),
       (30, 3, 8, 20000),
       (30, 9, 1, 20000),
       (30, 10, 1, 20000),
       (30, 4, 2, 20000),
       (30, 4, 5, 20000),
       (31, 1, 1, 20000),
       (31, 2, 1, 20000),
       (31, 3, 8, 20000),
       (31, 9, 1, 20000),
       (31, 10, 1, 20000),
       (31, 4, 2, 20000),
       (31, 4, 5, 20000),
       (32, 1, 1, 20000),
       (32, 2, 1, 20000),
       (32, 3, 8, 20000),
       (32, 9, 1, 20000),
       (32, 10, 1, 20000),
       (32, 4, 2, 20000),
       (32, 4, 5, 20000),
       (33, 1, 1, 20000),
       (33, 2, 1, 20000),
       (33, 3, 8, 20000),
       (33, 9, 1, 20000),
       (33, 10, 1, 20000),
       (33, 4, 2, 20000),
       (33, 4, 5, 20000),
       (34, 1, 1, 20000),
       (34, 2, 1, 20000),
       (34, 3, 8, 20000),
       (34, 9, 1, 20000),
       (34, 10, 1, 20000),
       (34, 4, 2, 20000),
       (34, 4, 5, 20000),
       (35, 1, 1, 20000),
       (35, 2, 1, 20000),
       (35, 3, 8, 20000),
       (35, 9, 1, 20000),
       (35, 10, 1, 20000),
       (35, 4, 2, 20000),
       (35, 4, 5, 20000),
       (36, 1, 1, 20000),
       (36, 2, 1, 20000),
       (36, 3, 8, 20000),
       (36, 9, 1, 20000),
       (36, 10, 1, 20000),
       (36, 4, 2, 20000),
       (36, 4, 5, 20000),
       (37, 1, 1, 20000),
       (37, 2, 1, 20000),
       (37, 3, 8, 20000),
       (37, 9, 1, 20000),
       (37, 10, 1, 20000),
       (37, 4, 2, 20000),
       (37, 4, 5, 20000),
       (38, 1, 1, 20000),
       (38, 2, 1, 20000),
       (38, 3, 8, 20000),
       (38, 9, 1, 20000),
       (38, 10, 1, 20000),
       (38, 4, 2, 20000),
       (38, 4, 5, 20000),
       (39, 1, 1, 20000),
       (39, 2, 1, 20000),
       (39, 3, 8, 20000),
       (39, 9, 1, 20000),
       (39, 10, 1, 20000),
       (39, 4, 2, 20000),
       (39, 4, 5, 20000),
       (40, 1, 1, 20000),
       (40, 2, 1, 20000),
       (40, 3, 8, 20000),
       (40, 9, 1, 20000),
       (40, 10, 1, 20000),
       (40, 4, 2, 20000),
       (40, 4, 5, 20000),
       (41, 1, 1, 20000),
       (41, 2, 1, 20000),
       (41, 3, 8, 20000),
       (41, 9, 1, 20000),
       (41, 10, 1, 20000),
       (41, 4, 2, 20000),
       (41, 4, 5, 20000),
       (42, 1, 1, 20000),
       (42, 2, 1, 20000),
       (42, 3, 8, 20000),
       (42, 9, 1, 20000),
       (42, 10, 1, 20000),
       (42, 4, 2, 20000),
       (42, 4, 5, 20000),
       (43, 1, 1, 20000),
       (43, 2, 1, 20000),
       (43, 3, 8, 20000),
       (43, 9, 1, 20000),
       (43, 10, 1, 20000),
       (43, 4, 2, 20000),
       (43, 4, 5, 20000),
       (44, 1, 1, 20000),
       (44, 2, 1, 20000),
       (44, 3, 8, 20000),
       (44, 9, 1, 20000),
       (44, 10, 1, 20000),
       (44, 4, 2, 20000),
       (44, 4, 5, 20000),
       (45, 1, 1, 20000),
       (45, 2, 1, 20000),
       (45, 3, 8, 20000),
       (45, 9, 1, 20000),
       (45, 10, 1, 20000),
       (45, 4, 2, 20000),
       (45, 4, 5, 20000),
       (46, 1, 1, 20000),
       (46, 2, 1, 20000),
       (46, 3, 8, 20000),
       (46, 9, 1, 20000),
       (46, 10, 1, 20000),
       (46, 4, 2, 20000),
       (46, 4, 5, 20000),
       (47, 1, 1, 20000),
       (47, 2, 1, 20000),
       (47, 3, 8, 20000),
       (47, 9, 1, 20000),
       (47, 10, 1, 20000),
       (47, 4, 2, 20000),
       (47, 4, 5, 20000),
       (48, 1, 1, 20000),
       (48, 2, 1, 20000),
       (48, 3, 8, 20000),
       (48, 9, 1, 20000),
       (48, 10, 1, 20000),
       (48, 4, 2, 20000),
       (48, 4, 5, 20000),
       (49, 1, 1, 20000),
       (49, 2, 1, 20000),
       (49, 3, 8, 20000),
       (49, 9, 1, 20000),
       (49, 10, 1, 20000),
       (49, 4, 2, 20000),
       (49, 4, 5, 20000),
       (50, 1, 1, 20000),
       (50, 2, 1, 20000),
       (50, 3, 8, 20000),
       (50, 9, 1, 20000),
       (50, 10, 1, 20000),
       (50, 4, 2, 20000),
       (50, 4, 5, 20000),
       (51, 1, 1, 20000),
       (51, 2, 1, 20000),
       (51, 3, 8, 20000),
       (51, 9, 1, 20000),
       (51, 10, 1, 20000),
       (51, 4, 2, 20000),
       (51, 4, 5, 20000);




