/* film */
DROP TABLE IF EXISTS film CASCADE;
CREATE TABLE film (
    film_id SERIAL PRIMARY KEY,
    film_name VARCHAR(255),
    film_budget NUMERIC(13,2),
    film_runtime VARCHAR(40),
    film_world_premier_date TIMESTAMP,
    film_imdb FLOAT
);

INSERT INTO film (film_name, film_budget, film_runtime, film_world_premier_date, film_imdb) VALUES ('The Shawshank Redemption', '25000000', '142 min', '14 October 1994', '9.3');
INSERT INTO film (film_name, film_budget, film_runtime, film_world_premier_date, film_imdb) VALUES ('The Godfather', '6000000', '175 min', '24 March 1972', '9.2');
INSERT INTO film (film_name, film_budget, film_runtime, film_world_premier_date, film_imdb) VALUES ('The Dark Knight', '185000000', '152 min', '14 August 2008', '9.3');
INSERT INTO film (film_name, film_budget, film_runtime, film_world_premier_date, film_imdb) VALUES ('The Lord of the Rings: The Return of the King', '94000000', '201 min', '21 December 2003', '8.9');

/* client */
DROP TABLE IF EXISTS client CASCADE;
CREATE TABLE client (
    client_id SERIAL PRIMARY KEY,
    client_name VARCHAR(255),
    client_surname VARCHAR(255),
    client_phone VARCHAR(20),
    client_email VARCHAR(320)
);

INSERT INTO client (client_name, client_surname, client_phone, client_email) VALUES ('Ivan', 'Ivanov', '+733(585)865-47-21', 'nudif@mailinator.com');
INSERT INTO client (client_name, client_surname, client_phone, client_email) VALUES ('Petr', 'Petrov', '+709(232)216-89-57', 'dyhiqyl@mailinator.net');
INSERT INTO client (client_name, client_surname, client_phone, client_email) VALUES ('Sergey', 'Sergeev', '+704(23)634-70-56', 'vemahyfaw@mailinator.com');
INSERT INTO client (client_name, client_surname, client_phone, client_email) VALUES ('Alexandr', 'Alexandrov', '+757(907)106-47-03', 'warimidul@mailinator.com');
INSERT INTO client (client_name, client_surname, client_phone, client_email) VALUES ('Ivan1', 'Ivanov1', '+733(585)865-47-20', 'nudif1@mailinator.com');
INSERT INTO client (client_name, client_surname, client_phone, client_email) VALUES ('Petr1', 'Petrov1', '+709(232)216-89-50', 'dyhiqyl1@mailinator.net');
INSERT INTO client (client_name, client_surname, client_phone, client_email) VALUES ('Sergey1', 'Sergeev1', '+704(23)634-70-50', 'vemahyfaw1@mailinator.com');
INSERT INTO client (client_name, client_surname, client_phone, client_email) VALUES ('Alexandr1', 'Alexandrov1', '+757(907)106-47-00', 'warimidul1@mailinator.com');

/* hall */
DROP TABLE IF EXISTS hall_status CASCADE;
CREATE TABLE hall_status (
    hall_status_id SERIAL PRIMARY KEY,
    hall_status_name VARCHAR(40)
);

INSERT INTO hall_status (hall_status_id, hall_status_name) VALUES (1, 'doesn''t work');
INSERT INTO hall_status (hall_status_id, hall_status_name) VALUES (2, 'work');
INSERT INTO hall_status (hall_status_id, hall_status_name) VALUES (3, 'under construction');

DROP TABLE IF EXISTS hall CASCADE;
CREATE TABLE hall (
    hall_id SERIAL PRIMARY KEY,
    hall_title VARCHAR(255),
    hall_status_id INT DEFAULT 1,
    CONSTRAINT fk_hall_hall_status_id
        FOREIGN KEY (hall_status_id)
            REFERENCES hall_status(hall_status_id)
            ON DELETE CASCADE
);

INSERT INTO hall (hall_title, hall_status_id) VALUES ('a', 2);
INSERT INTO hall (hall_title, hall_status_id) VALUES ('b', 2);
INSERT INTO hall (hall_title, hall_status_id) VALUES ('c', 2);
INSERT INTO hall (hall_title, hall_status_id) VALUES ('d', 3);
INSERT INTO hall (hall_title, hall_status_id) VALUES ('e', 1);

/* seat */
DROP TABLE IF EXISTS seat_status CASCADE;
CREATE TABLE seat_status (
  seat_status_id SERIAL PRIMARY KEY,
  seat_status_name VARCHAR(40)
);

INSERT INTO seat_status (seat_status_id, seat_status_name) VALUES (1, 'free');
INSERT INTO seat_status (seat_status_id, seat_status_name) VALUES (2, 'sold out');
INSERT INTO seat_status (seat_status_id, seat_status_name) VALUES (3, 'off');

DROP TABLE IF EXISTS seat_type CASCADE;
CREATE TABLE seat_type (
  seat_type_id SERIAL PRIMARY KEY,
  seat_type_name VARCHAR(40)
);

INSERT INTO seat_type (seat_type_id, seat_type_name) VALUES (1, 'standart');
INSERT INTO seat_type (seat_type_id, seat_type_name) VALUES (2, 'premium');
INSERT INTO seat_type (seat_type_id, seat_type_name) VALUES (3, 'vip');

DROP TABLE IF EXISTS seat CASCADE;
CREATE TABLE seat (
    seat_id SERIAL PRIMARY KEY,
    hall_id INT NOT NULL,
    seat_row INT NOT NULL,
    seat_number INT NOT NULL,
    seat_type_id INT NOT NULL,
    CONSTRAINT fk_seat_hall_id
        FOREIGN KEY (hall_id)
            REFERENCES hall(hall_id)
            ON DELETE CASCADE
);

INSERT INTO seat (hall_id, seat_row, seat_number, seat_type_id) VALUES (1, 1, 1, 1);
INSERT INTO seat (hall_id, seat_row, seat_number, seat_type_id) VALUES (1, 1, 2, 1);
INSERT INTO seat (hall_id, seat_row, seat_number, seat_type_id) VALUES (1, 1, 3, 1);
INSERT INTO seat (hall_id, seat_row, seat_number, seat_type_id) VALUES (1, 1, 4, 1);
INSERT INTO seat (hall_id, seat_row, seat_number, seat_type_id) VALUES (1, 1, 5, 1);
INSERT INTO seat (hall_id, seat_row, seat_number, seat_type_id) VALUES (1, 1, 6, 1);
INSERT INTO seat (hall_id, seat_row, seat_number, seat_type_id) VALUES (1, 1, 7, 1);
INSERT INTO seat (hall_id, seat_row, seat_number, seat_type_id) VALUES (1, 1, 8, 1);
INSERT INTO seat (hall_id, seat_row, seat_number, seat_type_id) VALUES (1, 1, 9, 1);
INSERT INTO seat (hall_id, seat_row, seat_number, seat_type_id) VALUES (1, 1, 10, 1);
INSERT INTO seat (hall_id, seat_row, seat_number, seat_type_id) VALUES (1, 2, 1, 1);
INSERT INTO seat (hall_id, seat_row, seat_number, seat_type_id) VALUES (1, 2, 2, 1);
INSERT INTO seat (hall_id, seat_row, seat_number, seat_type_id) VALUES (1, 2, 3, 1);
INSERT INTO seat (hall_id, seat_row, seat_number, seat_type_id) VALUES (1, 2, 4, 1);
INSERT INTO seat (hall_id, seat_row, seat_number, seat_type_id) VALUES (1, 2, 5, 1);
INSERT INTO seat (hall_id, seat_row, seat_number, seat_type_id) VALUES (1, 2, 6, 1);
INSERT INTO seat (hall_id, seat_row, seat_number, seat_type_id) VALUES (1, 2, 7, 1);
INSERT INTO seat (hall_id, seat_row, seat_number, seat_type_id) VALUES (1, 2, 8, 1);
INSERT INTO seat (hall_id, seat_row, seat_number, seat_type_id) VALUES (1, 2, 9, 1);
INSERT INTO seat (hall_id, seat_row, seat_number, seat_type_id) VALUES (1, 2, 10, 1);
INSERT INTO seat (hall_id, seat_row, seat_number, seat_type_id) VALUES (1, 3, 1, 1);
INSERT INTO seat (hall_id, seat_row, seat_number, seat_type_id) VALUES (1, 3, 2, 1);
INSERT INTO seat (hall_id, seat_row, seat_number, seat_type_id) VALUES (1, 3, 3, 1);
INSERT INTO seat (hall_id, seat_row, seat_number, seat_type_id) VALUES (1, 3, 4, 1);
INSERT INTO seat (hall_id, seat_row, seat_number, seat_type_id) VALUES (1, 3, 5, 1);
INSERT INTO seat (hall_id, seat_row, seat_number, seat_type_id) VALUES (1, 3, 6, 1);
INSERT INTO seat (hall_id, seat_row, seat_number, seat_type_id) VALUES (1, 3, 7, 1);
INSERT INTO seat (hall_id, seat_row, seat_number, seat_type_id) VALUES (1, 3, 8, 1);
INSERT INTO seat (hall_id, seat_row, seat_number, seat_type_id) VALUES (1, 3, 9, 1);
INSERT INTO seat (hall_id, seat_row, seat_number, seat_type_id) VALUES (1, 3, 10, 1);
INSERT INTO seat (hall_id, seat_row, seat_number, seat_type_id) VALUES (1, 4, 1, 1);
INSERT INTO seat (hall_id, seat_row, seat_number, seat_type_id) VALUES (1, 4, 2, 1);
INSERT INTO seat (hall_id, seat_row, seat_number, seat_type_id) VALUES (1, 4, 3, 1);
INSERT INTO seat (hall_id, seat_row, seat_number, seat_type_id) VALUES (1, 4, 4, 1);
INSERT INTO seat (hall_id, seat_row, seat_number, seat_type_id) VALUES (1, 4, 5, 1);
INSERT INTO seat (hall_id, seat_row, seat_number, seat_type_id) VALUES (1, 4, 6, 1);
INSERT INTO seat (hall_id, seat_row, seat_number, seat_type_id) VALUES (1, 4, 7, 1);
INSERT INTO seat (hall_id, seat_row, seat_number, seat_type_id) VALUES (1, 4, 8, 1);
INSERT INTO seat (hall_id, seat_row, seat_number, seat_type_id) VALUES (1, 4, 9, 1);
INSERT INTO seat (hall_id, seat_row, seat_number, seat_type_id) VALUES (1, 4, 10, 1);
INSERT INTO seat (hall_id, seat_row, seat_number, seat_type_id) VALUES (1, 5, 1, 2);
INSERT INTO seat (hall_id, seat_row, seat_number, seat_type_id) VALUES (1, 5, 2, 2);
INSERT INTO seat (hall_id, seat_row, seat_number, seat_type_id) VALUES (1, 5, 3, 2);
INSERT INTO seat (hall_id, seat_row, seat_number, seat_type_id) VALUES (1, 5, 4, 2);
INSERT INTO seat (hall_id, seat_row, seat_number, seat_type_id) VALUES (1, 5, 5, 2);
INSERT INTO seat (hall_id, seat_row, seat_number, seat_type_id) VALUES (1, 5, 6, 2);
INSERT INTO seat (hall_id, seat_row, seat_number, seat_type_id) VALUES (1, 5, 7, 2);
INSERT INTO seat (hall_id, seat_row, seat_number, seat_type_id) VALUES (1, 5, 8, 2);
INSERT INTO seat (hall_id, seat_row, seat_number, seat_type_id) VALUES (1, 5, 9, 2);
INSERT INTO seat (hall_id, seat_row, seat_number, seat_type_id) VALUES (1, 5, 10, 2);
INSERT INTO seat (hall_id, seat_row, seat_number, seat_type_id) VALUES (1, 6, 1, 3);
INSERT INTO seat (hall_id, seat_row, seat_number, seat_type_id) VALUES (1, 6, 2, 3);
INSERT INTO seat (hall_id, seat_row, seat_number, seat_type_id) VALUES (1, 6, 3, 3);
INSERT INTO seat (hall_id, seat_row, seat_number, seat_type_id) VALUES (1, 6, 4, 3);
INSERT INTO seat (hall_id, seat_row, seat_number, seat_type_id) VALUES (1, 6, 5, 3);
INSERT INTO seat (hall_id, seat_row, seat_number, seat_type_id) VALUES (1, 6, 6, 3);
INSERT INTO seat (hall_id, seat_row, seat_number, seat_type_id) VALUES (1, 6, 7, 3);
INSERT INTO seat (hall_id, seat_row, seat_number, seat_type_id) VALUES (1, 6, 8, 3);
INSERT INTO seat (hall_id, seat_row, seat_number, seat_type_id) VALUES (1, 6, 9, 3);
INSERT INTO seat (hall_id, seat_row, seat_number, seat_type_id) VALUES (1, 6, 10, 3);
INSERT INTO seat (hall_id, seat_row, seat_number, seat_type_id) VALUES (2, 1, 1, 1);
INSERT INTO seat (hall_id, seat_row, seat_number, seat_type_id) VALUES (2, 1, 2, 1);
INSERT INTO seat (hall_id, seat_row, seat_number, seat_type_id) VALUES (2, 1, 3, 1);
INSERT INTO seat (hall_id, seat_row, seat_number, seat_type_id) VALUES (2, 1, 4, 1);
INSERT INTO seat (hall_id, seat_row, seat_number, seat_type_id) VALUES (2, 1, 5, 1);
INSERT INTO seat (hall_id, seat_row, seat_number, seat_type_id) VALUES (2, 1, 6, 1);
INSERT INTO seat (hall_id, seat_row, seat_number, seat_type_id) VALUES (2, 1, 7, 1);
INSERT INTO seat (hall_id, seat_row, seat_number, seat_type_id) VALUES (2, 1, 8, 1);
INSERT INTO seat (hall_id, seat_row, seat_number, seat_type_id) VALUES (2, 1, 9, 1);
INSERT INTO seat (hall_id, seat_row, seat_number, seat_type_id) VALUES (2, 1, 10, 1);
INSERT INTO seat (hall_id, seat_row, seat_number, seat_type_id) VALUES (2, 2, 1, 1);
INSERT INTO seat (hall_id, seat_row, seat_number, seat_type_id) VALUES (2, 2, 2, 1);
INSERT INTO seat (hall_id, seat_row, seat_number, seat_type_id) VALUES (2, 2, 3, 1);
INSERT INTO seat (hall_id, seat_row, seat_number, seat_type_id) VALUES (2, 2, 4, 1);
INSERT INTO seat (hall_id, seat_row, seat_number, seat_type_id) VALUES (2, 2, 5, 1);
INSERT INTO seat (hall_id, seat_row, seat_number, seat_type_id) VALUES (2, 2, 6, 1);
INSERT INTO seat (hall_id, seat_row, seat_number, seat_type_id) VALUES (2, 2, 7, 1);
INSERT INTO seat (hall_id, seat_row, seat_number, seat_type_id) VALUES (2, 2, 8, 1);
INSERT INTO seat (hall_id, seat_row, seat_number, seat_type_id) VALUES (2, 2, 9, 1);
INSERT INTO seat (hall_id, seat_row, seat_number, seat_type_id) VALUES (2, 2, 10, 1);
INSERT INTO seat (hall_id, seat_row, seat_number, seat_type_id) VALUES (2, 3, 1, 1);
INSERT INTO seat (hall_id, seat_row, seat_number, seat_type_id) VALUES (2, 3, 2, 1);
INSERT INTO seat (hall_id, seat_row, seat_number, seat_type_id) VALUES (2, 3, 3, 1);
INSERT INTO seat (hall_id, seat_row, seat_number, seat_type_id) VALUES (2, 3, 4, 1);
INSERT INTO seat (hall_id, seat_row, seat_number, seat_type_id) VALUES (2, 3, 5, 1);
INSERT INTO seat (hall_id, seat_row, seat_number, seat_type_id) VALUES (2, 3, 6, 1);
INSERT INTO seat (hall_id, seat_row, seat_number, seat_type_id) VALUES (2, 3, 7, 1);
INSERT INTO seat (hall_id, seat_row, seat_number, seat_type_id) VALUES (2, 3, 8, 1);
INSERT INTO seat (hall_id, seat_row, seat_number, seat_type_id) VALUES (2, 3, 9, 1);
INSERT INTO seat (hall_id, seat_row, seat_number, seat_type_id) VALUES (2, 3, 10, 1);
INSERT INTO seat (hall_id, seat_row, seat_number, seat_type_id) VALUES (2, 4, 1, 1);
INSERT INTO seat (hall_id, seat_row, seat_number, seat_type_id) VALUES (2, 4, 2, 1);
INSERT INTO seat (hall_id, seat_row, seat_number, seat_type_id) VALUES (2, 4, 3, 1);
INSERT INTO seat (hall_id, seat_row, seat_number, seat_type_id) VALUES (2, 4, 4, 1);
INSERT INTO seat (hall_id, seat_row, seat_number, seat_type_id) VALUES (2, 4, 5, 1);
INSERT INTO seat (hall_id, seat_row, seat_number, seat_type_id) VALUES (2, 4, 6, 1);
INSERT INTO seat (hall_id, seat_row, seat_number, seat_type_id) VALUES (2, 4, 7, 1);
INSERT INTO seat (hall_id, seat_row, seat_number, seat_type_id) VALUES (2, 4, 8, 1);
INSERT INTO seat (hall_id, seat_row, seat_number, seat_type_id) VALUES (2, 4, 9, 1);
INSERT INTO seat (hall_id, seat_row, seat_number, seat_type_id) VALUES (2, 4, 10, 1);
INSERT INTO seat (hall_id, seat_row, seat_number, seat_type_id) VALUES (2, 5, 1, 2);
INSERT INTO seat (hall_id, seat_row, seat_number, seat_type_id) VALUES (2, 5, 2, 2);
INSERT INTO seat (hall_id, seat_row, seat_number, seat_type_id) VALUES (2, 5, 3, 2);
INSERT INTO seat (hall_id, seat_row, seat_number, seat_type_id) VALUES (2, 5, 4, 2);
INSERT INTO seat (hall_id, seat_row, seat_number, seat_type_id) VALUES (2, 5, 5, 2);
INSERT INTO seat (hall_id, seat_row, seat_number, seat_type_id) VALUES (2, 5, 6, 2);
INSERT INTO seat (hall_id, seat_row, seat_number, seat_type_id) VALUES (2, 5, 7, 2);
INSERT INTO seat (hall_id, seat_row, seat_number, seat_type_id) VALUES (2, 5, 8, 2);
INSERT INTO seat (hall_id, seat_row, seat_number, seat_type_id) VALUES (2, 5, 9, 2);
INSERT INTO seat (hall_id, seat_row, seat_number, seat_type_id) VALUES (2, 5, 10, 2);
INSERT INTO seat (hall_id, seat_row, seat_number, seat_type_id) VALUES (2, 6, 1, 3);
INSERT INTO seat (hall_id, seat_row, seat_number, seat_type_id) VALUES (2, 6, 2, 3);
INSERT INTO seat (hall_id, seat_row, seat_number, seat_type_id) VALUES (2, 6, 3, 3);
INSERT INTO seat (hall_id, seat_row, seat_number, seat_type_id) VALUES (2, 6, 4, 3);
INSERT INTO seat (hall_id, seat_row, seat_number, seat_type_id) VALUES (2, 6, 5, 3);
INSERT INTO seat (hall_id, seat_row, seat_number, seat_type_id) VALUES (2, 6, 6, 3);
INSERT INTO seat (hall_id, seat_row, seat_number, seat_type_id) VALUES (2, 6, 7, 3);
INSERT INTO seat (hall_id, seat_row, seat_number, seat_type_id) VALUES (2, 6, 8, 3);
INSERT INTO seat (hall_id, seat_row, seat_number, seat_type_id) VALUES (2, 6, 9, 3);
INSERT INTO seat (hall_id, seat_row, seat_number, seat_type_id) VALUES (2, 6, 10, 3);
INSERT INTO seat (hall_id, seat_row, seat_number, seat_type_id) VALUES (3, 1, 1, 1);
INSERT INTO seat (hall_id, seat_row, seat_number, seat_type_id) VALUES (3, 1, 2, 1);
INSERT INTO seat (hall_id, seat_row, seat_number, seat_type_id) VALUES (3, 1, 3, 1);
INSERT INTO seat (hall_id, seat_row, seat_number, seat_type_id) VALUES (3, 1, 4, 1);
INSERT INTO seat (hall_id, seat_row, seat_number, seat_type_id) VALUES (3, 1, 5, 1);
INSERT INTO seat (hall_id, seat_row, seat_number, seat_type_id) VALUES (3, 1, 6, 1);
INSERT INTO seat (hall_id, seat_row, seat_number, seat_type_id) VALUES (3, 1, 7, 1);
INSERT INTO seat (hall_id, seat_row, seat_number, seat_type_id) VALUES (3, 1, 8, 1);
INSERT INTO seat (hall_id, seat_row, seat_number, seat_type_id) VALUES (3, 1, 9, 1);
INSERT INTO seat (hall_id, seat_row, seat_number, seat_type_id) VALUES (3, 1, 10, 1);
INSERT INTO seat (hall_id, seat_row, seat_number, seat_type_id) VALUES (3, 2, 1, 1);
INSERT INTO seat (hall_id, seat_row, seat_number, seat_type_id) VALUES (3, 2, 2, 1);
INSERT INTO seat (hall_id, seat_row, seat_number, seat_type_id) VALUES (3, 2, 3, 1);
INSERT INTO seat (hall_id, seat_row, seat_number, seat_type_id) VALUES (3, 2, 4, 1);
INSERT INTO seat (hall_id, seat_row, seat_number, seat_type_id) VALUES (3, 2, 5, 1);
INSERT INTO seat (hall_id, seat_row, seat_number, seat_type_id) VALUES (3, 2, 6, 1);
INSERT INTO seat (hall_id, seat_row, seat_number, seat_type_id) VALUES (3, 2, 7, 1);
INSERT INTO seat (hall_id, seat_row, seat_number, seat_type_id) VALUES (3, 2, 8, 1);
INSERT INTO seat (hall_id, seat_row, seat_number, seat_type_id) VALUES (3, 2, 9, 1);
INSERT INTO seat (hall_id, seat_row, seat_number, seat_type_id) VALUES (3, 2, 10, 1);
INSERT INTO seat (hall_id, seat_row, seat_number, seat_type_id) VALUES (3, 3, 1, 1);
INSERT INTO seat (hall_id, seat_row, seat_number, seat_type_id) VALUES (3, 3, 2, 1);
INSERT INTO seat (hall_id, seat_row, seat_number, seat_type_id) VALUES (3, 3, 3, 1);
INSERT INTO seat (hall_id, seat_row, seat_number, seat_type_id) VALUES (3, 3, 4, 1);
INSERT INTO seat (hall_id, seat_row, seat_number, seat_type_id) VALUES (3, 3, 5, 1);
INSERT INTO seat (hall_id, seat_row, seat_number, seat_type_id) VALUES (3, 3, 6, 1);
INSERT INTO seat (hall_id, seat_row, seat_number, seat_type_id) VALUES (3, 3, 7, 1);
INSERT INTO seat (hall_id, seat_row, seat_number, seat_type_id) VALUES (3, 3, 8, 1);
INSERT INTO seat (hall_id, seat_row, seat_number, seat_type_id) VALUES (3, 3, 9, 1);
INSERT INTO seat (hall_id, seat_row, seat_number, seat_type_id) VALUES (3, 3, 10, 1);
INSERT INTO seat (hall_id, seat_row, seat_number, seat_type_id) VALUES (3, 4, 1, 1);
INSERT INTO seat (hall_id, seat_row, seat_number, seat_type_id) VALUES (3, 4, 2, 1);
INSERT INTO seat (hall_id, seat_row, seat_number, seat_type_id) VALUES (3, 4, 3, 1);
INSERT INTO seat (hall_id, seat_row, seat_number, seat_type_id) VALUES (3, 4, 4, 1);
INSERT INTO seat (hall_id, seat_row, seat_number, seat_type_id) VALUES (3, 4, 5, 1);
INSERT INTO seat (hall_id, seat_row, seat_number, seat_type_id) VALUES (3, 4, 6, 1);
INSERT INTO seat (hall_id, seat_row, seat_number, seat_type_id) VALUES (3, 4, 7, 1);
INSERT INTO seat (hall_id, seat_row, seat_number, seat_type_id) VALUES (3, 4, 8, 1);
INSERT INTO seat (hall_id, seat_row, seat_number, seat_type_id) VALUES (3, 4, 9, 1);
INSERT INTO seat (hall_id, seat_row, seat_number, seat_type_id) VALUES (3, 4, 10, 1);
INSERT INTO seat (hall_id, seat_row, seat_number, seat_type_id) VALUES (3, 5, 1, 2);
INSERT INTO seat (hall_id, seat_row, seat_number, seat_type_id) VALUES (3, 5, 2, 2);
INSERT INTO seat (hall_id, seat_row, seat_number, seat_type_id) VALUES (3, 5, 3, 2);
INSERT INTO seat (hall_id, seat_row, seat_number, seat_type_id) VALUES (3, 5, 4, 2);
INSERT INTO seat (hall_id, seat_row, seat_number, seat_type_id) VALUES (3, 5, 5, 2);
INSERT INTO seat (hall_id, seat_row, seat_number, seat_type_id) VALUES (3, 5, 6, 2);
INSERT INTO seat (hall_id, seat_row, seat_number, seat_type_id) VALUES (3, 5, 7, 2);
INSERT INTO seat (hall_id, seat_row, seat_number, seat_type_id) VALUES (3, 5, 8, 2);
INSERT INTO seat (hall_id, seat_row, seat_number, seat_type_id) VALUES (3, 5, 9, 2);
INSERT INTO seat (hall_id, seat_row, seat_number, seat_type_id) VALUES (3, 5, 10, 2);
INSERT INTO seat (hall_id, seat_row, seat_number, seat_type_id) VALUES (3, 6, 1, 3);
INSERT INTO seat (hall_id, seat_row, seat_number, seat_type_id) VALUES (3, 6, 2, 3);
INSERT INTO seat (hall_id, seat_row, seat_number, seat_type_id) VALUES (3, 6, 3, 3);
INSERT INTO seat (hall_id, seat_row, seat_number, seat_type_id) VALUES (3, 6, 4, 3);
INSERT INTO seat (hall_id, seat_row, seat_number, seat_type_id) VALUES (3, 6, 5, 3);
INSERT INTO seat (hall_id, seat_row, seat_number, seat_type_id) VALUES (3, 6, 6, 3);
INSERT INTO seat (hall_id, seat_row, seat_number, seat_type_id) VALUES (3, 6, 7, 3);
INSERT INTO seat (hall_id, seat_row, seat_number, seat_type_id) VALUES (3, 6, 8, 3);
INSERT INTO seat (hall_id, seat_row, seat_number, seat_type_id) VALUES (3, 6, 9, 3);
INSERT INTO seat (hall_id, seat_row, seat_number, seat_type_id) VALUES (3, 6, 10, 3);
INSERT INTO seat (hall_id, seat_row, seat_number, seat_type_id) VALUES (4, 1, 1, 1);
INSERT INTO seat (hall_id, seat_row, seat_number, seat_type_id) VALUES (4, 1, 2, 1);
INSERT INTO seat (hall_id, seat_row, seat_number, seat_type_id) VALUES (4, 1, 3, 1);
INSERT INTO seat (hall_id, seat_row, seat_number, seat_type_id) VALUES (4, 1, 4, 1);
INSERT INTO seat (hall_id, seat_row, seat_number, seat_type_id) VALUES (4, 1, 5, 1);
INSERT INTO seat (hall_id, seat_row, seat_number, seat_type_id) VALUES (4, 1, 6, 1);
INSERT INTO seat (hall_id, seat_row, seat_number, seat_type_id) VALUES (4, 1, 7, 1);
INSERT INTO seat (hall_id, seat_row, seat_number, seat_type_id) VALUES (4, 1, 8, 1);
INSERT INTO seat (hall_id, seat_row, seat_number, seat_type_id) VALUES (4, 1, 9, 1);
INSERT INTO seat (hall_id, seat_row, seat_number, seat_type_id) VALUES (4, 1, 10, 1);
INSERT INTO seat (hall_id, seat_row, seat_number, seat_type_id) VALUES (4, 2, 1, 1);
INSERT INTO seat (hall_id, seat_row, seat_number, seat_type_id) VALUES (4, 2, 2, 1);
INSERT INTO seat (hall_id, seat_row, seat_number, seat_type_id) VALUES (4, 2, 3, 1);
INSERT INTO seat (hall_id, seat_row, seat_number, seat_type_id) VALUES (4, 2, 4, 1);
INSERT INTO seat (hall_id, seat_row, seat_number, seat_type_id) VALUES (4, 2, 5, 1);
INSERT INTO seat (hall_id, seat_row, seat_number, seat_type_id) VALUES (4, 2, 6, 1);
INSERT INTO seat (hall_id, seat_row, seat_number, seat_type_id) VALUES (4, 2, 7, 1);
INSERT INTO seat (hall_id, seat_row, seat_number, seat_type_id) VALUES (4, 2, 8, 1);
INSERT INTO seat (hall_id, seat_row, seat_number, seat_type_id) VALUES (4, 2, 9, 1);
INSERT INTO seat (hall_id, seat_row, seat_number, seat_type_id) VALUES (4, 2, 10, 1);
INSERT INTO seat (hall_id, seat_row, seat_number, seat_type_id) VALUES (4, 3, 1, 1);
INSERT INTO seat (hall_id, seat_row, seat_number, seat_type_id) VALUES (4, 3, 2, 1);
INSERT INTO seat (hall_id, seat_row, seat_number, seat_type_id) VALUES (4, 3, 3, 1);
INSERT INTO seat (hall_id, seat_row, seat_number, seat_type_id) VALUES (4, 3, 4, 1);
INSERT INTO seat (hall_id, seat_row, seat_number, seat_type_id) VALUES (4, 3, 5, 1);
INSERT INTO seat (hall_id, seat_row, seat_number, seat_type_id) VALUES (4, 3, 6, 1);
INSERT INTO seat (hall_id, seat_row, seat_number, seat_type_id) VALUES (4, 3, 7, 1);
INSERT INTO seat (hall_id, seat_row, seat_number, seat_type_id) VALUES (4, 3, 8, 1);
INSERT INTO seat (hall_id, seat_row, seat_number, seat_type_id) VALUES (4, 3, 9, 1);
INSERT INTO seat (hall_id, seat_row, seat_number, seat_type_id) VALUES (4, 3, 10, 1);
INSERT INTO seat (hall_id, seat_row, seat_number, seat_type_id) VALUES (4, 4, 1, 1);
INSERT INTO seat (hall_id, seat_row, seat_number, seat_type_id) VALUES (4, 4, 2, 1);
INSERT INTO seat (hall_id, seat_row, seat_number, seat_type_id) VALUES (4, 4, 3, 1);
INSERT INTO seat (hall_id, seat_row, seat_number, seat_type_id) VALUES (4, 4, 4, 1);
INSERT INTO seat (hall_id, seat_row, seat_number, seat_type_id) VALUES (4, 4, 5, 1);
INSERT INTO seat (hall_id, seat_row, seat_number, seat_type_id) VALUES (4, 4, 6, 1);
INSERT INTO seat (hall_id, seat_row, seat_number, seat_type_id) VALUES (4, 4, 7, 1);
INSERT INTO seat (hall_id, seat_row, seat_number, seat_type_id) VALUES (4, 4, 8, 1);
INSERT INTO seat (hall_id, seat_row, seat_number, seat_type_id) VALUES (4, 4, 9, 1);
INSERT INTO seat (hall_id, seat_row, seat_number, seat_type_id) VALUES (4, 4, 10, 1);
INSERT INTO seat (hall_id, seat_row, seat_number, seat_type_id) VALUES (4, 5, 1, 2);
INSERT INTO seat (hall_id, seat_row, seat_number, seat_type_id) VALUES (4, 5, 2, 2);
INSERT INTO seat (hall_id, seat_row, seat_number, seat_type_id) VALUES (4, 5, 3, 2);
INSERT INTO seat (hall_id, seat_row, seat_number, seat_type_id) VALUES (4, 5, 4, 2);
INSERT INTO seat (hall_id, seat_row, seat_number, seat_type_id) VALUES (4, 5, 5, 2);
INSERT INTO seat (hall_id, seat_row, seat_number, seat_type_id) VALUES (4, 5, 6, 2);
INSERT INTO seat (hall_id, seat_row, seat_number, seat_type_id) VALUES (4, 5, 7, 2);
INSERT INTO seat (hall_id, seat_row, seat_number, seat_type_id) VALUES (4, 5, 8, 2);
INSERT INTO seat (hall_id, seat_row, seat_number, seat_type_id) VALUES (4, 5, 9, 2);
INSERT INTO seat (hall_id, seat_row, seat_number, seat_type_id) VALUES (4, 5, 10, 2);
INSERT INTO seat (hall_id, seat_row, seat_number, seat_type_id) VALUES (4, 6, 1, 3);
INSERT INTO seat (hall_id, seat_row, seat_number, seat_type_id) VALUES (4, 6, 2, 3);
INSERT INTO seat (hall_id, seat_row, seat_number, seat_type_id) VALUES (4, 6, 3, 3);
INSERT INTO seat (hall_id, seat_row, seat_number, seat_type_id) VALUES (4, 6, 4, 3);
INSERT INTO seat (hall_id, seat_row, seat_number, seat_type_id) VALUES (4, 6, 5, 3);
INSERT INTO seat (hall_id, seat_row, seat_number, seat_type_id) VALUES (4, 6, 6, 3);
INSERT INTO seat (hall_id, seat_row, seat_number, seat_type_id) VALUES (4, 6, 7, 3);
INSERT INTO seat (hall_id, seat_row, seat_number, seat_type_id) VALUES (4, 6, 8, 3);
INSERT INTO seat (hall_id, seat_row, seat_number, seat_type_id) VALUES (4, 6, 9, 3);
INSERT INTO seat (hall_id, seat_row, seat_number, seat_type_id) VALUES (4, 6, 10, 3);
INSERT INTO seat (hall_id, seat_row, seat_number, seat_type_id) VALUES (5, 1, 1, 1);
INSERT INTO seat (hall_id, seat_row, seat_number, seat_type_id) VALUES (5, 1, 2, 1);
INSERT INTO seat (hall_id, seat_row, seat_number, seat_type_id) VALUES (5, 1, 3, 1);
INSERT INTO seat (hall_id, seat_row, seat_number, seat_type_id) VALUES (5, 1, 4, 1);
INSERT INTO seat (hall_id, seat_row, seat_number, seat_type_id) VALUES (5, 1, 5, 1);
INSERT INTO seat (hall_id, seat_row, seat_number, seat_type_id) VALUES (5, 1, 6, 1);
INSERT INTO seat (hall_id, seat_row, seat_number, seat_type_id) VALUES (5, 1, 7, 1);
INSERT INTO seat (hall_id, seat_row, seat_number, seat_type_id) VALUES (5, 1, 8, 1);
INSERT INTO seat (hall_id, seat_row, seat_number, seat_type_id) VALUES (5, 1, 9, 1);
INSERT INTO seat (hall_id, seat_row, seat_number, seat_type_id) VALUES (5, 1, 10, 1);
INSERT INTO seat (hall_id, seat_row, seat_number, seat_type_id) VALUES (5, 2, 1, 1);
INSERT INTO seat (hall_id, seat_row, seat_number, seat_type_id) VALUES (5, 2, 2, 1);
INSERT INTO seat (hall_id, seat_row, seat_number, seat_type_id) VALUES (5, 2, 3, 1);
INSERT INTO seat (hall_id, seat_row, seat_number, seat_type_id) VALUES (5, 2, 4, 1);
INSERT INTO seat (hall_id, seat_row, seat_number, seat_type_id) VALUES (5, 2, 5, 1);
INSERT INTO seat (hall_id, seat_row, seat_number, seat_type_id) VALUES (5, 2, 6, 1);
INSERT INTO seat (hall_id, seat_row, seat_number, seat_type_id) VALUES (5, 2, 7, 1);
INSERT INTO seat (hall_id, seat_row, seat_number, seat_type_id) VALUES (5, 2, 8, 1);
INSERT INTO seat (hall_id, seat_row, seat_number, seat_type_id) VALUES (5, 2, 9, 1);
INSERT INTO seat (hall_id, seat_row, seat_number, seat_type_id) VALUES (5, 2, 10, 1);
INSERT INTO seat (hall_id, seat_row, seat_number, seat_type_id) VALUES (5, 3, 1, 1);
INSERT INTO seat (hall_id, seat_row, seat_number, seat_type_id) VALUES (5, 3, 2, 1);
INSERT INTO seat (hall_id, seat_row, seat_number, seat_type_id) VALUES (5, 3, 3, 1);
INSERT INTO seat (hall_id, seat_row, seat_number, seat_type_id) VALUES (5, 3, 4, 1);
INSERT INTO seat (hall_id, seat_row, seat_number, seat_type_id) VALUES (5, 3, 5, 1);
INSERT INTO seat (hall_id, seat_row, seat_number, seat_type_id) VALUES (5, 3, 6, 1);
INSERT INTO seat (hall_id, seat_row, seat_number, seat_type_id) VALUES (5, 3, 7, 1);
INSERT INTO seat (hall_id, seat_row, seat_number, seat_type_id) VALUES (5, 3, 8, 1);
INSERT INTO seat (hall_id, seat_row, seat_number, seat_type_id) VALUES (5, 3, 9, 1);
INSERT INTO seat (hall_id, seat_row, seat_number, seat_type_id) VALUES (5, 3, 10, 1);
INSERT INTO seat (hall_id, seat_row, seat_number, seat_type_id) VALUES (5, 4, 1, 1);
INSERT INTO seat (hall_id, seat_row, seat_number, seat_type_id) VALUES (5, 4, 2, 1);
INSERT INTO seat (hall_id, seat_row, seat_number, seat_type_id) VALUES (5, 4, 3, 1);
INSERT INTO seat (hall_id, seat_row, seat_number, seat_type_id) VALUES (5, 4, 4, 1);
INSERT INTO seat (hall_id, seat_row, seat_number, seat_type_id) VALUES (5, 4, 5, 1);
INSERT INTO seat (hall_id, seat_row, seat_number, seat_type_id) VALUES (5, 4, 6, 1);
INSERT INTO seat (hall_id, seat_row, seat_number, seat_type_id) VALUES (5, 4, 7, 1);
INSERT INTO seat (hall_id, seat_row, seat_number, seat_type_id) VALUES (5, 4, 8, 1);
INSERT INTO seat (hall_id, seat_row, seat_number, seat_type_id) VALUES (5, 4, 9, 1);
INSERT INTO seat (hall_id, seat_row, seat_number, seat_type_id) VALUES (5, 4, 10, 1);
INSERT INTO seat (hall_id, seat_row, seat_number, seat_type_id) VALUES (5, 5, 1, 2);
INSERT INTO seat (hall_id, seat_row, seat_number, seat_type_id) VALUES (5, 5, 2, 2);
INSERT INTO seat (hall_id, seat_row, seat_number, seat_type_id) VALUES (5, 5, 3, 2);
INSERT INTO seat (hall_id, seat_row, seat_number, seat_type_id) VALUES (5, 5, 4, 2);
INSERT INTO seat (hall_id, seat_row, seat_number, seat_type_id) VALUES (5, 5, 5, 2);
INSERT INTO seat (hall_id, seat_row, seat_number, seat_type_id) VALUES (5, 5, 6, 2);
INSERT INTO seat (hall_id, seat_row, seat_number, seat_type_id) VALUES (5, 5, 7, 2);
INSERT INTO seat (hall_id, seat_row, seat_number, seat_type_id) VALUES (5, 5, 8, 2);
INSERT INTO seat (hall_id, seat_row, seat_number, seat_type_id) VALUES (5, 5, 9, 2);
INSERT INTO seat (hall_id, seat_row, seat_number, seat_type_id) VALUES (5, 5, 10, 2);
INSERT INTO seat (hall_id, seat_row, seat_number, seat_type_id) VALUES (5, 6, 1, 3);
INSERT INTO seat (hall_id, seat_row, seat_number, seat_type_id) VALUES (5, 6, 2, 3);
INSERT INTO seat (hall_id, seat_row, seat_number, seat_type_id) VALUES (5, 6, 3, 3);
INSERT INTO seat (hall_id, seat_row, seat_number, seat_type_id) VALUES (5, 6, 4, 3);
INSERT INTO seat (hall_id, seat_row, seat_number, seat_type_id) VALUES (5, 6, 5, 3);
INSERT INTO seat (hall_id, seat_row, seat_number, seat_type_id) VALUES (5, 6, 6, 3);
INSERT INTO seat (hall_id, seat_row, seat_number, seat_type_id) VALUES (5, 6, 7, 3);
INSERT INTO seat (hall_id, seat_row, seat_number, seat_type_id) VALUES (5, 6, 8, 3);
INSERT INTO seat (hall_id, seat_row, seat_number, seat_type_id) VALUES (5, 6, 9, 3);
INSERT INTO seat (hall_id, seat_row, seat_number, seat_type_id) VALUES (5, 6, 10, 3);

/* session */
DROP TABLE IF EXISTS session_status CASCADE;
CREATE TABLE session_status (
  session_status_id SERIAL PRIMARY KEY,
  session_status_name VARCHAR(40)
);

INSERT INTO session_status (session_status_id, session_status_name) VALUES (1, 'off');
INSERT INTO session_status (session_status_id, session_status_name) VALUES (2, 'on');

DROP TABLE IF EXISTS session CASCADE;
CREATE TABLE session (
    session_id SERIAL PRIMARY KEY,
    film_id INT,
    session_start_time TIMESTAMP,
    session_status_id INT DEFAULT 1,
    CONSTRAINT fk_session_film_id
        FOREIGN KEY (film_id)
            REFERENCES film(film_id)
            ON DELETE CASCADE,
    CONSTRAINT fk_session_session_status_id
        FOREIGN KEY (session_status_id)
            REFERENCES session_status(session_status_id)
            ON DELETE CASCADE
);

INSERT INTO session (film_id, session_start_time, session_status_id) VALUES (1, '08 September 2020 10:00', 2);
INSERT INTO session (film_id, session_start_time, session_status_id) VALUES (2, '08 September 2020 10:20', 2);
INSERT INTO session (film_id, session_start_time, session_status_id) VALUES (3, '08 September 2020 10:30', 2);
INSERT INTO session (film_id, session_start_time, session_status_id) VALUES (4, '08 September 2020 10:35', 2);
INSERT INTO session (film_id, session_start_time, session_status_id) VALUES (1, '08 September 2020 13:00', 2);
INSERT INTO session (film_id, session_start_time, session_status_id) VALUES (2, '08 September 2020 13:20', 2);
INSERT INTO session (film_id, session_start_time, session_status_id) VALUES (3, '08 September 2020 13:30', 2);
INSERT INTO session (film_id, session_start_time, session_status_id) VALUES (4, '08 September 2020 13:35', 2);
INSERT INTO session (film_id, session_start_time, session_status_id) VALUES (1, '08 September 2020 18:00', 2);
INSERT INTO session (film_id, session_start_time, session_status_id) VALUES (2, '08 September 2020 18:20', 2);
INSERT INTO session (film_id, session_start_time, session_status_id) VALUES (3, '08 September 2020 18:30', 2);
INSERT INTO session (film_id, session_start_time, session_status_id) VALUES (4, '08 September 2020 18:35', 2);
INSERT INTO session (film_id, session_start_time, session_status_id) VALUES (1, '08 September 2020 20:00', 2);
INSERT INTO session (film_id, session_start_time, session_status_id) VALUES (2, '08 September 2020 20:20', 2);
INSERT INTO session (film_id, session_start_time, session_status_id) VALUES (3, '08 September 2020 20:30', 2);
INSERT INTO session (film_id, session_start_time, session_status_id) VALUES (4, '08 September 2020 20:35', 2);

DROP TABLE IF EXISTS session_seat CASCADE;
CREATE TABLE session_seat (
    session_seat_id SERIAL PRIMARY KEY,
    session_id INT NOT NULL,
    seat_id INT NOT NULL,
    seat_type_id INT NOT NULL,
    price NUMERIC(5,2),
    seat_status_id INT NOT NULL,
    CONSTRAINT fk_session_seat_session_id
        FOREIGN KEY (session_id)
            REFERENCES session(session_id)
            ON DELETE CASCADE,
    CONSTRAINT fk_session_seat_seat_id
        FOREIGN KEY (seat_id)
            REFERENCES seat(seat_id)
            ON DELETE CASCADE,
    CONSTRAINT fk_session_seat_seat_type_id
        FOREIGN KEY (seat_type_id)
            REFERENCES seat_type(seat_type_id)
            ON DELETE CASCADE,
    CONSTRAINT fk_session_seat_seat_status_id
        FOREIGN KEY (seat_status_id)
            REFERENCES seat_status(seat_status_id)
            ON DELETE CASCADE
);

INSERT INTO session_seat (session_id, seat_id, seat_type_id, price, seat_status_id) VALUES (1, 1, 1, 300.00, 1);
INSERT INTO session_seat (session_id, seat_id, seat_type_id, price, seat_status_id) VALUES (1, 2, 1, 300.00, 1);
INSERT INTO session_seat (session_id, seat_id, seat_type_id, price, seat_status_id) VALUES (1, 3, 1, 300.00, 1);
INSERT INTO session_seat (session_id, seat_id, seat_type_id, price, seat_status_id) VALUES (1, 4, 1, 300.00, 1);
INSERT INTO session_seat (session_id, seat_id, seat_type_id, price, seat_status_id) VALUES (1, 5, 1, 300.00, 1);
INSERT INTO session_seat (session_id, seat_id, seat_type_id, price, seat_status_id) VALUES (1, 6, 1, 300.00, 1);
INSERT INTO session_seat (session_id, seat_id, seat_type_id, price, seat_status_id) VALUES (1, 7, 1, 300.00, 1);
INSERT INTO session_seat (session_id, seat_id, seat_type_id, price, seat_status_id) VALUES (1, 8, 1, 300.00, 1);
INSERT INTO session_seat (session_id, seat_id, seat_type_id, price, seat_status_id) VALUES (1, 9, 1, 300.00, 1);
INSERT INTO session_seat (session_id, seat_id, seat_type_id, price, seat_status_id) VALUES (1, 10, 1, 300.00, 1);
INSERT INTO session_seat (session_id, seat_id, seat_type_id, price, seat_status_id) VALUES (1, 11, 1, 300.00, 1);
INSERT INTO session_seat (session_id, seat_id, seat_type_id, price, seat_status_id) VALUES (1, 12, 1, 300.00, 1);
INSERT INTO session_seat (session_id, seat_id, seat_type_id, price, seat_status_id) VALUES (1, 13, 1, 300.00, 1);
INSERT INTO session_seat (session_id, seat_id, seat_type_id, price, seat_status_id) VALUES (1, 14, 1, 300.00, 1);
INSERT INTO session_seat (session_id, seat_id, seat_type_id, price, seat_status_id) VALUES (1, 15, 1, 300.00, 1);
INSERT INTO session_seat (session_id, seat_id, seat_type_id, price, seat_status_id) VALUES (1, 16, 1, 300.00, 1);
INSERT INTO session_seat (session_id, seat_id, seat_type_id, price, seat_status_id) VALUES (1, 17, 1, 300.00, 1);
INSERT INTO session_seat (session_id, seat_id, seat_type_id, price, seat_status_id) VALUES (1, 18, 1, 300.00, 1);
INSERT INTO session_seat (session_id, seat_id, seat_type_id, price, seat_status_id) VALUES (1, 19, 1, 300.00, 1);
INSERT INTO session_seat (session_id, seat_id, seat_type_id, price, seat_status_id) VALUES (1, 20, 1, 300.00, 1);
INSERT INTO session_seat (session_id, seat_id, seat_type_id, price, seat_status_id) VALUES (1, 21, 1, 300.00, 1);
INSERT INTO session_seat (session_id, seat_id, seat_type_id, price, seat_status_id) VALUES (1, 22, 1, 300.00, 1);
INSERT INTO session_seat (session_id, seat_id, seat_type_id, price, seat_status_id) VALUES (1, 23, 1, 300.00, 1);
INSERT INTO session_seat (session_id, seat_id, seat_type_id, price, seat_status_id) VALUES (1, 24, 1, 300.00, 1);
INSERT INTO session_seat (session_id, seat_id, seat_type_id, price, seat_status_id) VALUES (1, 25, 1, 300.00, 1);
INSERT INTO session_seat (session_id, seat_id, seat_type_id, price, seat_status_id) VALUES (1, 26, 1, 300.00, 1);
INSERT INTO session_seat (session_id, seat_id, seat_type_id, price, seat_status_id) VALUES (1, 27, 1, 300.00, 1);
INSERT INTO session_seat (session_id, seat_id, seat_type_id, price, seat_status_id) VALUES (1, 28, 1, 300.00, 1);
INSERT INTO session_seat (session_id, seat_id, seat_type_id, price, seat_status_id) VALUES (1, 29, 1, 300.00, 1);
INSERT INTO session_seat (session_id, seat_id, seat_type_id, price, seat_status_id) VALUES (1, 30, 1, 300.00, 1);
INSERT INTO session_seat (session_id, seat_id, seat_type_id, price, seat_status_id) VALUES (1, 31, 1, 300.00, 1);
INSERT INTO session_seat (session_id, seat_id, seat_type_id, price, seat_status_id) VALUES (1, 32, 1, 300.00, 1);
INSERT INTO session_seat (session_id, seat_id, seat_type_id, price, seat_status_id) VALUES (1, 33, 1, 300.00, 1);
INSERT INTO session_seat (session_id, seat_id, seat_type_id, price, seat_status_id) VALUES (1, 34, 1, 300.00, 1);
INSERT INTO session_seat (session_id, seat_id, seat_type_id, price, seat_status_id) VALUES (1, 35, 1, 300.00, 1);
INSERT INTO session_seat (session_id, seat_id, seat_type_id, price, seat_status_id) VALUES (1, 36, 1, 300.00, 1);
INSERT INTO session_seat (session_id, seat_id, seat_type_id, price, seat_status_id) VALUES (1, 37, 1, 300.00, 1);
INSERT INTO session_seat (session_id, seat_id, seat_type_id, price, seat_status_id) VALUES (1, 38, 1, 300.00, 1);
INSERT INTO session_seat (session_id, seat_id, seat_type_id, price, seat_status_id) VALUES (1, 39, 1, 300.00, 1);
INSERT INTO session_seat (session_id, seat_id, seat_type_id, price, seat_status_id) VALUES (1, 40, 1, 300.00, 1);
INSERT INTO session_seat (session_id, seat_id, seat_type_id, price, seat_status_id) VALUES (1, 41, 1, 300.00, 1);
INSERT INTO session_seat (session_id, seat_id, seat_type_id, price, seat_status_id) VALUES (1, 42, 1, 300.00, 1);
INSERT INTO session_seat (session_id, seat_id, seat_type_id, price, seat_status_id) VALUES (1, 43, 1, 300.00, 1);
INSERT INTO session_seat (session_id, seat_id, seat_type_id, price, seat_status_id) VALUES (1, 44, 1, 300.00, 1);
INSERT INTO session_seat (session_id, seat_id, seat_type_id, price, seat_status_id) VALUES (1, 45, 1, 300.00, 1);
INSERT INTO session_seat (session_id, seat_id, seat_type_id, price, seat_status_id) VALUES (1, 46, 1, 300.00, 1);
INSERT INTO session_seat (session_id, seat_id, seat_type_id, price, seat_status_id) VALUES (1, 47, 1, 300.00, 1);
INSERT INTO session_seat (session_id, seat_id, seat_type_id, price, seat_status_id) VALUES (1, 48, 1, 300.00, 1);
INSERT INTO session_seat (session_id, seat_id, seat_type_id, price, seat_status_id) VALUES (1, 49, 1, 300.00, 1);
INSERT INTO session_seat (session_id, seat_id, seat_type_id, price, seat_status_id) VALUES (1, 50, 2, 420.00, 1);
INSERT INTO session_seat (session_id, seat_id, seat_type_id, price, seat_status_id) VALUES (1, 51, 2, 420.00, 1);
INSERT INTO session_seat (session_id, seat_id, seat_type_id, price, seat_status_id) VALUES (1, 52, 2, 420.00, 1);
INSERT INTO session_seat (session_id, seat_id, seat_type_id, price, seat_status_id) VALUES (1, 53, 2, 420.00, 1);
INSERT INTO session_seat (session_id, seat_id, seat_type_id, price, seat_status_id) VALUES (1, 54, 2, 420.00, 1);
INSERT INTO session_seat (session_id, seat_id, seat_type_id, price, seat_status_id) VALUES (1, 55, 2, 420.00, 1);
INSERT INTO session_seat (session_id, seat_id, seat_type_id, price, seat_status_id) VALUES (1, 56, 2, 420.00, 1);
INSERT INTO session_seat (session_id, seat_id, seat_type_id, price, seat_status_id) VALUES (1, 57, 2, 420.00, 1);
INSERT INTO session_seat (session_id, seat_id, seat_type_id, price, seat_status_id) VALUES (1, 58, 2, 420.00, 1);
INSERT INTO session_seat (session_id, seat_id, seat_type_id, price, seat_status_id) VALUES (1, 59, 2, 420.00, 1);
INSERT INTO session_seat (session_id, seat_id, seat_type_id, price, seat_status_id) VALUES (1, 60, 3, 600.00, 1);
INSERT INTO session_seat (session_id, seat_id, seat_type_id, price, seat_status_id) VALUES (1, 61, 3, 600.00, 1);
INSERT INTO session_seat (session_id, seat_id, seat_type_id, price, seat_status_id) VALUES (1, 62, 3, 600.00, 1);
INSERT INTO session_seat (session_id, seat_id, seat_type_id, price, seat_status_id) VALUES (1, 63, 3, 600.00, 1);
INSERT INTO session_seat (session_id, seat_id, seat_type_id, price, seat_status_id) VALUES (1, 64, 3, 600.00, 1);
INSERT INTO session_seat (session_id, seat_id, seat_type_id, price, seat_status_id) VALUES (1, 65, 3, 600.00, 1);
INSERT INTO session_seat (session_id, seat_id, seat_type_id, price, seat_status_id) VALUES (1, 66, 3, 600.00, 1);
INSERT INTO session_seat (session_id, seat_id, seat_type_id, price, seat_status_id) VALUES (1, 67, 3, 600.00, 1);
INSERT INTO session_seat (session_id, seat_id, seat_type_id, price, seat_status_id) VALUES (1, 68, 3, 600.00, 1);
INSERT INTO session_seat (session_id, seat_id, seat_type_id, price, seat_status_id) VALUES (1, 69, 3, 600.00, 1);
INSERT INTO session_seat (session_id, seat_id, seat_type_id, price, seat_status_id) VALUES (1, 70, 3, 600.00, 1);
INSERT INTO session_seat (session_id, seat_id, seat_type_id, price, seat_status_id) VALUES (2, 1, 1, 300.00, 1);
INSERT INTO session_seat (session_id, seat_id, seat_type_id, price, seat_status_id) VALUES (2, 2, 1, 300.00, 1);
INSERT INTO session_seat (session_id, seat_id, seat_type_id, price, seat_status_id) VALUES (2, 3, 1, 300.00, 1);
INSERT INTO session_seat (session_id, seat_id, seat_type_id, price, seat_status_id) VALUES (2, 4, 1, 300.00, 1);
INSERT INTO session_seat (session_id, seat_id, seat_type_id, price, seat_status_id) VALUES (2, 5, 1, 300.00, 1);
INSERT INTO session_seat (session_id, seat_id, seat_type_id, price, seat_status_id) VALUES (2, 6, 1, 300.00, 1);
INSERT INTO session_seat (session_id, seat_id, seat_type_id, price, seat_status_id) VALUES (2, 7, 1, 300.00, 1);
INSERT INTO session_seat (session_id, seat_id, seat_type_id, price, seat_status_id) VALUES (2, 8, 1, 300.00, 1);
INSERT INTO session_seat (session_id, seat_id, seat_type_id, price, seat_status_id) VALUES (2, 9, 1, 300.00, 1);
INSERT INTO session_seat (session_id, seat_id, seat_type_id, price, seat_status_id) VALUES (2, 10, 1, 300.00, 1);
INSERT INTO session_seat (session_id, seat_id, seat_type_id, price, seat_status_id) VALUES (2, 11, 1, 300.00, 1);
INSERT INTO session_seat (session_id, seat_id, seat_type_id, price, seat_status_id) VALUES (2, 12, 1, 300.00, 1);
INSERT INTO session_seat (session_id, seat_id, seat_type_id, price, seat_status_id) VALUES (2, 13, 1, 300.00, 1);
INSERT INTO session_seat (session_id, seat_id, seat_type_id, price, seat_status_id) VALUES (2, 14, 1, 300.00, 1);
INSERT INTO session_seat (session_id, seat_id, seat_type_id, price, seat_status_id) VALUES (2, 15, 1, 300.00, 1);
INSERT INTO session_seat (session_id, seat_id, seat_type_id, price, seat_status_id) VALUES (2, 16, 1, 300.00, 1);
INSERT INTO session_seat (session_id, seat_id, seat_type_id, price, seat_status_id) VALUES (2, 17, 1, 300.00, 1);
INSERT INTO session_seat (session_id, seat_id, seat_type_id, price, seat_status_id) VALUES (2, 18, 1, 300.00, 1);
INSERT INTO session_seat (session_id, seat_id, seat_type_id, price, seat_status_id) VALUES (2, 19, 1, 300.00, 1);
INSERT INTO session_seat (session_id, seat_id, seat_type_id, price, seat_status_id) VALUES (2, 20, 1, 300.00, 1);
INSERT INTO session_seat (session_id, seat_id, seat_type_id, price, seat_status_id) VALUES (2, 21, 1, 300.00, 1);
INSERT INTO session_seat (session_id, seat_id, seat_type_id, price, seat_status_id) VALUES (2, 22, 1, 300.00, 1);
INSERT INTO session_seat (session_id, seat_id, seat_type_id, price, seat_status_id) VALUES (2, 23, 1, 300.00, 1);
INSERT INTO session_seat (session_id, seat_id, seat_type_id, price, seat_status_id) VALUES (2, 24, 1, 300.00, 1);
INSERT INTO session_seat (session_id, seat_id, seat_type_id, price, seat_status_id) VALUES (2, 25, 1, 300.00, 1);
INSERT INTO session_seat (session_id, seat_id, seat_type_id, price, seat_status_id) VALUES (2, 26, 1, 300.00, 1);
INSERT INTO session_seat (session_id, seat_id, seat_type_id, price, seat_status_id) VALUES (2, 27, 1, 300.00, 1);
INSERT INTO session_seat (session_id, seat_id, seat_type_id, price, seat_status_id) VALUES (2, 28, 1, 300.00, 1);
INSERT INTO session_seat (session_id, seat_id, seat_type_id, price, seat_status_id) VALUES (2, 29, 1, 300.00, 1);
INSERT INTO session_seat (session_id, seat_id, seat_type_id, price, seat_status_id) VALUES (2, 30, 1, 300.00, 1);
INSERT INTO session_seat (session_id, seat_id, seat_type_id, price, seat_status_id) VALUES (2, 31, 1, 300.00, 1);
INSERT INTO session_seat (session_id, seat_id, seat_type_id, price, seat_status_id) VALUES (2, 32, 1, 300.00, 1);
INSERT INTO session_seat (session_id, seat_id, seat_type_id, price, seat_status_id) VALUES (2, 33, 1, 300.00, 1);
INSERT INTO session_seat (session_id, seat_id, seat_type_id, price, seat_status_id) VALUES (2, 34, 1, 300.00, 1);
INSERT INTO session_seat (session_id, seat_id, seat_type_id, price, seat_status_id) VALUES (2, 35, 1, 300.00, 1);
INSERT INTO session_seat (session_id, seat_id, seat_type_id, price, seat_status_id) VALUES (2, 36, 1, 300.00, 1);
INSERT INTO session_seat (session_id, seat_id, seat_type_id, price, seat_status_id) VALUES (2, 37, 1, 300.00, 1);
INSERT INTO session_seat (session_id, seat_id, seat_type_id, price, seat_status_id) VALUES (2, 38, 1, 300.00, 1);
INSERT INTO session_seat (session_id, seat_id, seat_type_id, price, seat_status_id) VALUES (2, 39, 1, 300.00, 1);
INSERT INTO session_seat (session_id, seat_id, seat_type_id, price, seat_status_id) VALUES (2, 40, 1, 300.00, 1);
INSERT INTO session_seat (session_id, seat_id, seat_type_id, price, seat_status_id) VALUES (2, 41, 1, 300.00, 1);
INSERT INTO session_seat (session_id, seat_id, seat_type_id, price, seat_status_id) VALUES (2, 42, 1, 300.00, 1);
INSERT INTO session_seat (session_id, seat_id, seat_type_id, price, seat_status_id) VALUES (2, 43, 1, 300.00, 1);
INSERT INTO session_seat (session_id, seat_id, seat_type_id, price, seat_status_id) VALUES (2, 44, 1, 300.00, 1);
INSERT INTO session_seat (session_id, seat_id, seat_type_id, price, seat_status_id) VALUES (2, 45, 1, 300.00, 1);
INSERT INTO session_seat (session_id, seat_id, seat_type_id, price, seat_status_id) VALUES (2, 46, 1, 300.00, 1);
INSERT INTO session_seat (session_id, seat_id, seat_type_id, price, seat_status_id) VALUES (2, 47, 1, 300.00, 1);
INSERT INTO session_seat (session_id, seat_id, seat_type_id, price, seat_status_id) VALUES (2, 48, 1, 300.00, 1);
INSERT INTO session_seat (session_id, seat_id, seat_type_id, price, seat_status_id) VALUES (2, 49, 1, 300.00, 1);
INSERT INTO session_seat (session_id, seat_id, seat_type_id, price, seat_status_id) VALUES (2, 50, 2, 420.00, 1);
INSERT INTO session_seat (session_id, seat_id, seat_type_id, price, seat_status_id) VALUES (2, 51, 2, 420.00, 1);
INSERT INTO session_seat (session_id, seat_id, seat_type_id, price, seat_status_id) VALUES (2, 52, 2, 420.00, 1);
INSERT INTO session_seat (session_id, seat_id, seat_type_id, price, seat_status_id) VALUES (2, 53, 2, 420.00, 1);
INSERT INTO session_seat (session_id, seat_id, seat_type_id, price, seat_status_id) VALUES (2, 54, 2, 420.00, 1);
INSERT INTO session_seat (session_id, seat_id, seat_type_id, price, seat_status_id) VALUES (2, 55, 2, 420.00, 1);
INSERT INTO session_seat (session_id, seat_id, seat_type_id, price, seat_status_id) VALUES (2, 56, 2, 420.00, 1);
INSERT INTO session_seat (session_id, seat_id, seat_type_id, price, seat_status_id) VALUES (2, 57, 2, 420.00, 1);
INSERT INTO session_seat (session_id, seat_id, seat_type_id, price, seat_status_id) VALUES (2, 58, 2, 420.00, 1);
INSERT INTO session_seat (session_id, seat_id, seat_type_id, price, seat_status_id) VALUES (2, 59, 2, 420.00, 1);
INSERT INTO session_seat (session_id, seat_id, seat_type_id, price, seat_status_id) VALUES (2, 60, 3, 600.00, 1);
INSERT INTO session_seat (session_id, seat_id, seat_type_id, price, seat_status_id) VALUES (2, 61, 3, 600.00, 1);
INSERT INTO session_seat (session_id, seat_id, seat_type_id, price, seat_status_id) VALUES (2, 62, 3, 600.00, 1);
INSERT INTO session_seat (session_id, seat_id, seat_type_id, price, seat_status_id) VALUES (2, 63, 3, 600.00, 1);
INSERT INTO session_seat (session_id, seat_id, seat_type_id, price, seat_status_id) VALUES (2, 64, 3, 600.00, 1);
INSERT INTO session_seat (session_id, seat_id, seat_type_id, price, seat_status_id) VALUES (2, 65, 3, 600.00, 1);
INSERT INTO session_seat (session_id, seat_id, seat_type_id, price, seat_status_id) VALUES (2, 66, 3, 600.00, 1);
INSERT INTO session_seat (session_id, seat_id, seat_type_id, price, seat_status_id) VALUES (2, 67, 3, 600.00, 1);
INSERT INTO session_seat (session_id, seat_id, seat_type_id, price, seat_status_id) VALUES (2, 68, 3, 600.00, 1);
INSERT INTO session_seat (session_id, seat_id, seat_type_id, price, seat_status_id) VALUES (2, 69, 3, 600.00, 1);
INSERT INTO session_seat (session_id, seat_id, seat_type_id, price, seat_status_id) VALUES (2, 70, 3, 600.00, 1);
INSERT INTO session_seat (session_id, seat_id, seat_type_id, price, seat_status_id) VALUES (3, 1, 1, 300.00, 1);
INSERT INTO session_seat (session_id, seat_id, seat_type_id, price, seat_status_id) VALUES (3, 2, 1, 300.00, 1);
INSERT INTO session_seat (session_id, seat_id, seat_type_id, price, seat_status_id) VALUES (3, 3, 1, 300.00, 1);
INSERT INTO session_seat (session_id, seat_id, seat_type_id, price, seat_status_id) VALUES (3, 4, 1, 300.00, 1);
INSERT INTO session_seat (session_id, seat_id, seat_type_id, price, seat_status_id) VALUES (3, 5, 1, 300.00, 1);
INSERT INTO session_seat (session_id, seat_id, seat_type_id, price, seat_status_id) VALUES (3, 6, 1, 300.00, 1);
INSERT INTO session_seat (session_id, seat_id, seat_type_id, price, seat_status_id) VALUES (3, 7, 1, 300.00, 1);
INSERT INTO session_seat (session_id, seat_id, seat_type_id, price, seat_status_id) VALUES (3, 8, 1, 300.00, 1);
INSERT INTO session_seat (session_id, seat_id, seat_type_id, price, seat_status_id) VALUES (3, 9, 1, 300.00, 1);
INSERT INTO session_seat (session_id, seat_id, seat_type_id, price, seat_status_id) VALUES (3, 10, 1, 300.00, 1);
INSERT INTO session_seat (session_id, seat_id, seat_type_id, price, seat_status_id) VALUES (3, 11, 1, 300.00, 1);
INSERT INTO session_seat (session_id, seat_id, seat_type_id, price, seat_status_id) VALUES (3, 12, 1, 300.00, 1);
INSERT INTO session_seat (session_id, seat_id, seat_type_id, price, seat_status_id) VALUES (3, 13, 1, 300.00, 1);
INSERT INTO session_seat (session_id, seat_id, seat_type_id, price, seat_status_id) VALUES (3, 14, 1, 300.00, 1);
INSERT INTO session_seat (session_id, seat_id, seat_type_id, price, seat_status_id) VALUES (3, 15, 1, 300.00, 1);
INSERT INTO session_seat (session_id, seat_id, seat_type_id, price, seat_status_id) VALUES (3, 16, 1, 300.00, 1);
INSERT INTO session_seat (session_id, seat_id, seat_type_id, price, seat_status_id) VALUES (3, 17, 1, 300.00, 1);
INSERT INTO session_seat (session_id, seat_id, seat_type_id, price, seat_status_id) VALUES (3, 18, 1, 300.00, 1);
INSERT INTO session_seat (session_id, seat_id, seat_type_id, price, seat_status_id) VALUES (3, 19, 1, 300.00, 1);
INSERT INTO session_seat (session_id, seat_id, seat_type_id, price, seat_status_id) VALUES (3, 20, 1, 300.00, 1);
INSERT INTO session_seat (session_id, seat_id, seat_type_id, price, seat_status_id) VALUES (3, 21, 1, 300.00, 1);
INSERT INTO session_seat (session_id, seat_id, seat_type_id, price, seat_status_id) VALUES (3, 22, 1, 300.00, 1);
INSERT INTO session_seat (session_id, seat_id, seat_type_id, price, seat_status_id) VALUES (3, 23, 1, 300.00, 1);
INSERT INTO session_seat (session_id, seat_id, seat_type_id, price, seat_status_id) VALUES (3, 24, 1, 300.00, 1);
INSERT INTO session_seat (session_id, seat_id, seat_type_id, price, seat_status_id) VALUES (3, 25, 1, 300.00, 1);
INSERT INTO session_seat (session_id, seat_id, seat_type_id, price, seat_status_id) VALUES (3, 26, 1, 300.00, 1);
INSERT INTO session_seat (session_id, seat_id, seat_type_id, price, seat_status_id) VALUES (3, 27, 1, 300.00, 1);
INSERT INTO session_seat (session_id, seat_id, seat_type_id, price, seat_status_id) VALUES (3, 28, 1, 300.00, 1);
INSERT INTO session_seat (session_id, seat_id, seat_type_id, price, seat_status_id) VALUES (3, 29, 1, 300.00, 1);
INSERT INTO session_seat (session_id, seat_id, seat_type_id, price, seat_status_id) VALUES (3, 30, 1, 300.00, 1);
INSERT INTO session_seat (session_id, seat_id, seat_type_id, price, seat_status_id) VALUES (3, 31, 1, 300.00, 1);
INSERT INTO session_seat (session_id, seat_id, seat_type_id, price, seat_status_id) VALUES (3, 32, 1, 300.00, 1);
INSERT INTO session_seat (session_id, seat_id, seat_type_id, price, seat_status_id) VALUES (3, 33, 1, 300.00, 1);
INSERT INTO session_seat (session_id, seat_id, seat_type_id, price, seat_status_id) VALUES (3, 34, 1, 300.00, 1);
INSERT INTO session_seat (session_id, seat_id, seat_type_id, price, seat_status_id) VALUES (3, 35, 1, 300.00, 1);
INSERT INTO session_seat (session_id, seat_id, seat_type_id, price, seat_status_id) VALUES (3, 36, 1, 300.00, 1);
INSERT INTO session_seat (session_id, seat_id, seat_type_id, price, seat_status_id) VALUES (3, 37, 1, 300.00, 1);
INSERT INTO session_seat (session_id, seat_id, seat_type_id, price, seat_status_id) VALUES (3, 38, 1, 300.00, 1);
INSERT INTO session_seat (session_id, seat_id, seat_type_id, price, seat_status_id) VALUES (3, 39, 1, 300.00, 1);
INSERT INTO session_seat (session_id, seat_id, seat_type_id, price, seat_status_id) VALUES (3, 40, 1, 300.00, 1);
INSERT INTO session_seat (session_id, seat_id, seat_type_id, price, seat_status_id) VALUES (3, 41, 1, 300.00, 1);
INSERT INTO session_seat (session_id, seat_id, seat_type_id, price, seat_status_id) VALUES (3, 42, 1, 300.00, 1);
INSERT INTO session_seat (session_id, seat_id, seat_type_id, price, seat_status_id) VALUES (3, 43, 1, 300.00, 1);
INSERT INTO session_seat (session_id, seat_id, seat_type_id, price, seat_status_id) VALUES (3, 44, 1, 300.00, 1);
INSERT INTO session_seat (session_id, seat_id, seat_type_id, price, seat_status_id) VALUES (3, 45, 1, 300.00, 1);
INSERT INTO session_seat (session_id, seat_id, seat_type_id, price, seat_status_id) VALUES (3, 46, 1, 300.00, 1);
INSERT INTO session_seat (session_id, seat_id, seat_type_id, price, seat_status_id) VALUES (3, 47, 1, 300.00, 1);
INSERT INTO session_seat (session_id, seat_id, seat_type_id, price, seat_status_id) VALUES (3, 48, 1, 300.00, 1);
INSERT INTO session_seat (session_id, seat_id, seat_type_id, price, seat_status_id) VALUES (3, 49, 1, 300.00, 1);
INSERT INTO session_seat (session_id, seat_id, seat_type_id, price, seat_status_id) VALUES (3, 50, 2, 420.00, 1);
INSERT INTO session_seat (session_id, seat_id, seat_type_id, price, seat_status_id) VALUES (3, 51, 2, 420.00, 1);
INSERT INTO session_seat (session_id, seat_id, seat_type_id, price, seat_status_id) VALUES (3, 52, 2, 420.00, 1);
INSERT INTO session_seat (session_id, seat_id, seat_type_id, price, seat_status_id) VALUES (3, 53, 2, 420.00, 1);
INSERT INTO session_seat (session_id, seat_id, seat_type_id, price, seat_status_id) VALUES (3, 54, 2, 420.00, 1);
INSERT INTO session_seat (session_id, seat_id, seat_type_id, price, seat_status_id) VALUES (3, 55, 2, 420.00, 1);
INSERT INTO session_seat (session_id, seat_id, seat_type_id, price, seat_status_id) VALUES (3, 56, 2, 420.00, 1);
INSERT INTO session_seat (session_id, seat_id, seat_type_id, price, seat_status_id) VALUES (3, 57, 2, 420.00, 1);
INSERT INTO session_seat (session_id, seat_id, seat_type_id, price, seat_status_id) VALUES (3, 58, 2, 420.00, 1);
INSERT INTO session_seat (session_id, seat_id, seat_type_id, price, seat_status_id) VALUES (3, 59, 2, 420.00, 1);
INSERT INTO session_seat (session_id, seat_id, seat_type_id, price, seat_status_id) VALUES (3, 60, 3, 600.00, 1);
INSERT INTO session_seat (session_id, seat_id, seat_type_id, price, seat_status_id) VALUES (3, 61, 3, 600.00, 1);
INSERT INTO session_seat (session_id, seat_id, seat_type_id, price, seat_status_id) VALUES (3, 62, 3, 600.00, 1);
INSERT INTO session_seat (session_id, seat_id, seat_type_id, price, seat_status_id) VALUES (3, 63, 3, 600.00, 1);
INSERT INTO session_seat (session_id, seat_id, seat_type_id, price, seat_status_id) VALUES (3, 64, 3, 600.00, 1);
INSERT INTO session_seat (session_id, seat_id, seat_type_id, price, seat_status_id) VALUES (3, 65, 3, 600.00, 1);
INSERT INTO session_seat (session_id, seat_id, seat_type_id, price, seat_status_id) VALUES (3, 66, 3, 600.00, 1);
INSERT INTO session_seat (session_id, seat_id, seat_type_id, price, seat_status_id) VALUES (3, 67, 3, 600.00, 1);
INSERT INTO session_seat (session_id, seat_id, seat_type_id, price, seat_status_id) VALUES (3, 68, 3, 600.00, 1);
INSERT INTO session_seat (session_id, seat_id, seat_type_id, price, seat_status_id) VALUES (3, 69, 3, 600.00, 1);
INSERT INTO session_seat (session_id, seat_id, seat_type_id, price, seat_status_id) VALUES (3, 70, 3, 600.00, 1);
INSERT INTO session_seat (session_id, seat_id, seat_type_id, price, seat_status_id) VALUES (4, 1, 1, 300.00, 1);
INSERT INTO session_seat (session_id, seat_id, seat_type_id, price, seat_status_id) VALUES (4, 2, 1, 300.00, 1);
INSERT INTO session_seat (session_id, seat_id, seat_type_id, price, seat_status_id) VALUES (4, 3, 1, 300.00, 1);
INSERT INTO session_seat (session_id, seat_id, seat_type_id, price, seat_status_id) VALUES (4, 4, 1, 300.00, 1);
INSERT INTO session_seat (session_id, seat_id, seat_type_id, price, seat_status_id) VALUES (4, 5, 1, 300.00, 1);
INSERT INTO session_seat (session_id, seat_id, seat_type_id, price, seat_status_id) VALUES (4, 6, 1, 300.00, 1);
INSERT INTO session_seat (session_id, seat_id, seat_type_id, price, seat_status_id) VALUES (4, 7, 1, 300.00, 1);
INSERT INTO session_seat (session_id, seat_id, seat_type_id, price, seat_status_id) VALUES (4, 8, 1, 300.00, 1);
INSERT INTO session_seat (session_id, seat_id, seat_type_id, price, seat_status_id) VALUES (4, 9, 1, 300.00, 1);
INSERT INTO session_seat (session_id, seat_id, seat_type_id, price, seat_status_id) VALUES (4, 10, 1, 300.00, 1);
INSERT INTO session_seat (session_id, seat_id, seat_type_id, price, seat_status_id) VALUES (4, 11, 1, 300.00, 1);
INSERT INTO session_seat (session_id, seat_id, seat_type_id, price, seat_status_id) VALUES (4, 12, 1, 300.00, 1);
INSERT INTO session_seat (session_id, seat_id, seat_type_id, price, seat_status_id) VALUES (4, 13, 1, 300.00, 1);
INSERT INTO session_seat (session_id, seat_id, seat_type_id, price, seat_status_id) VALUES (4, 14, 1, 300.00, 1);
INSERT INTO session_seat (session_id, seat_id, seat_type_id, price, seat_status_id) VALUES (4, 15, 1, 300.00, 1);
INSERT INTO session_seat (session_id, seat_id, seat_type_id, price, seat_status_id) VALUES (4, 16, 1, 300.00, 1);
INSERT INTO session_seat (session_id, seat_id, seat_type_id, price, seat_status_id) VALUES (4, 17, 1, 300.00, 1);
INSERT INTO session_seat (session_id, seat_id, seat_type_id, price, seat_status_id) VALUES (4, 18, 1, 300.00, 1);
INSERT INTO session_seat (session_id, seat_id, seat_type_id, price, seat_status_id) VALUES (4, 19, 1, 300.00, 1);
INSERT INTO session_seat (session_id, seat_id, seat_type_id, price, seat_status_id) VALUES (4, 20, 1, 300.00, 1);
INSERT INTO session_seat (session_id, seat_id, seat_type_id, price, seat_status_id) VALUES (4, 21, 1, 300.00, 1);
INSERT INTO session_seat (session_id, seat_id, seat_type_id, price, seat_status_id) VALUES (4, 22, 1, 300.00, 1);
INSERT INTO session_seat (session_id, seat_id, seat_type_id, price, seat_status_id) VALUES (4, 23, 1, 300.00, 1);
INSERT INTO session_seat (session_id, seat_id, seat_type_id, price, seat_status_id) VALUES (4, 24, 1, 300.00, 1);
INSERT INTO session_seat (session_id, seat_id, seat_type_id, price, seat_status_id) VALUES (4, 25, 1, 300.00, 1);
INSERT INTO session_seat (session_id, seat_id, seat_type_id, price, seat_status_id) VALUES (4, 26, 1, 300.00, 1);
INSERT INTO session_seat (session_id, seat_id, seat_type_id, price, seat_status_id) VALUES (4, 27, 1, 300.00, 1);
INSERT INTO session_seat (session_id, seat_id, seat_type_id, price, seat_status_id) VALUES (4, 28, 1, 300.00, 1);
INSERT INTO session_seat (session_id, seat_id, seat_type_id, price, seat_status_id) VALUES (4, 29, 1, 300.00, 1);
INSERT INTO session_seat (session_id, seat_id, seat_type_id, price, seat_status_id) VALUES (4, 30, 1, 300.00, 1);
INSERT INTO session_seat (session_id, seat_id, seat_type_id, price, seat_status_id) VALUES (4, 31, 1, 300.00, 1);
INSERT INTO session_seat (session_id, seat_id, seat_type_id, price, seat_status_id) VALUES (4, 32, 1, 300.00, 1);
INSERT INTO session_seat (session_id, seat_id, seat_type_id, price, seat_status_id) VALUES (4, 33, 1, 300.00, 1);
INSERT INTO session_seat (session_id, seat_id, seat_type_id, price, seat_status_id) VALUES (4, 34, 1, 300.00, 1);
INSERT INTO session_seat (session_id, seat_id, seat_type_id, price, seat_status_id) VALUES (4, 35, 1, 300.00, 1);
INSERT INTO session_seat (session_id, seat_id, seat_type_id, price, seat_status_id) VALUES (4, 36, 1, 300.00, 1);
INSERT INTO session_seat (session_id, seat_id, seat_type_id, price, seat_status_id) VALUES (4, 37, 1, 300.00, 1);
INSERT INTO session_seat (session_id, seat_id, seat_type_id, price, seat_status_id) VALUES (4, 38, 1, 300.00, 1);
INSERT INTO session_seat (session_id, seat_id, seat_type_id, price, seat_status_id) VALUES (4, 39, 1, 300.00, 1);
INSERT INTO session_seat (session_id, seat_id, seat_type_id, price, seat_status_id) VALUES (4, 40, 1, 300.00, 1);
INSERT INTO session_seat (session_id, seat_id, seat_type_id, price, seat_status_id) VALUES (4, 41, 1, 300.00, 1);
INSERT INTO session_seat (session_id, seat_id, seat_type_id, price, seat_status_id) VALUES (4, 42, 1, 300.00, 1);
INSERT INTO session_seat (session_id, seat_id, seat_type_id, price, seat_status_id) VALUES (4, 43, 1, 300.00, 1);
INSERT INTO session_seat (session_id, seat_id, seat_type_id, price, seat_status_id) VALUES (4, 44, 1, 300.00, 1);
INSERT INTO session_seat (session_id, seat_id, seat_type_id, price, seat_status_id) VALUES (4, 45, 1, 300.00, 1);
INSERT INTO session_seat (session_id, seat_id, seat_type_id, price, seat_status_id) VALUES (4, 46, 1, 300.00, 1);
INSERT INTO session_seat (session_id, seat_id, seat_type_id, price, seat_status_id) VALUES (4, 47, 1, 300.00, 1);
INSERT INTO session_seat (session_id, seat_id, seat_type_id, price, seat_status_id) VALUES (4, 48, 1, 300.00, 1);
INSERT INTO session_seat (session_id, seat_id, seat_type_id, price, seat_status_id) VALUES (4, 49, 1, 300.00, 1);
INSERT INTO session_seat (session_id, seat_id, seat_type_id, price, seat_status_id) VALUES (4, 50, 2, 420.00, 1);
INSERT INTO session_seat (session_id, seat_id, seat_type_id, price, seat_status_id) VALUES (4, 51, 2, 420.00, 1);
INSERT INTO session_seat (session_id, seat_id, seat_type_id, price, seat_status_id) VALUES (4, 52, 2, 420.00, 1);
INSERT INTO session_seat (session_id, seat_id, seat_type_id, price, seat_status_id) VALUES (4, 53, 2, 420.00, 1);
INSERT INTO session_seat (session_id, seat_id, seat_type_id, price, seat_status_id) VALUES (4, 54, 2, 420.00, 1);
INSERT INTO session_seat (session_id, seat_id, seat_type_id, price, seat_status_id) VALUES (4, 55, 2, 420.00, 1);
INSERT INTO session_seat (session_id, seat_id, seat_type_id, price, seat_status_id) VALUES (4, 56, 2, 420.00, 1);
INSERT INTO session_seat (session_id, seat_id, seat_type_id, price, seat_status_id) VALUES (4, 57, 2, 420.00, 1);
INSERT INTO session_seat (session_id, seat_id, seat_type_id, price, seat_status_id) VALUES (4, 58, 2, 420.00, 1);
INSERT INTO session_seat (session_id, seat_id, seat_type_id, price, seat_status_id) VALUES (4, 59, 2, 420.00, 1);
INSERT INTO session_seat (session_id, seat_id, seat_type_id, price, seat_status_id) VALUES (4, 60, 3, 600.00, 1);
INSERT INTO session_seat (session_id, seat_id, seat_type_id, price, seat_status_id) VALUES (4, 61, 3, 600.00, 1);
INSERT INTO session_seat (session_id, seat_id, seat_type_id, price, seat_status_id) VALUES (4, 62, 3, 600.00, 1);
INSERT INTO session_seat (session_id, seat_id, seat_type_id, price, seat_status_id) VALUES (4, 63, 3, 600.00, 1);
INSERT INTO session_seat (session_id, seat_id, seat_type_id, price, seat_status_id) VALUES (4, 64, 3, 600.00, 1);
INSERT INTO session_seat (session_id, seat_id, seat_type_id, price, seat_status_id) VALUES (4, 65, 3, 600.00, 1);
INSERT INTO session_seat (session_id, seat_id, seat_type_id, price, seat_status_id) VALUES (4, 66, 3, 600.00, 1);
INSERT INTO session_seat (session_id, seat_id, seat_type_id, price, seat_status_id) VALUES (4, 67, 3, 600.00, 1);
INSERT INTO session_seat (session_id, seat_id, seat_type_id, price, seat_status_id) VALUES (4, 68, 3, 600.00, 1);
INSERT INTO session_seat (session_id, seat_id, seat_type_id, price, seat_status_id) VALUES (4, 69, 3, 600.00, 1);
INSERT INTO session_seat (session_id, seat_id, seat_type_id, price, seat_status_id) VALUES (4, 70, 3, 600.00, 1);
INSERT INTO session_seat (session_id, seat_id, seat_type_id, price, seat_status_id) VALUES (5, 1, 1, 300.00, 1);
INSERT INTO session_seat (session_id, seat_id, seat_type_id, price, seat_status_id) VALUES (5, 2, 1, 300.00, 1);
INSERT INTO session_seat (session_id, seat_id, seat_type_id, price, seat_status_id) VALUES (5, 3, 1, 300.00, 1);
INSERT INTO session_seat (session_id, seat_id, seat_type_id, price, seat_status_id) VALUES (5, 4, 1, 300.00, 1);
INSERT INTO session_seat (session_id, seat_id, seat_type_id, price, seat_status_id) VALUES (5, 5, 1, 300.00, 1);
INSERT INTO session_seat (session_id, seat_id, seat_type_id, price, seat_status_id) VALUES (5, 6, 1, 300.00, 1);
INSERT INTO session_seat (session_id, seat_id, seat_type_id, price, seat_status_id) VALUES (5, 7, 1, 300.00, 1);
INSERT INTO session_seat (session_id, seat_id, seat_type_id, price, seat_status_id) VALUES (5, 8, 1, 300.00, 1);
INSERT INTO session_seat (session_id, seat_id, seat_type_id, price, seat_status_id) VALUES (5, 9, 1, 300.00, 1);
INSERT INTO session_seat (session_id, seat_id, seat_type_id, price, seat_status_id) VALUES (5, 10, 1, 300.00, 1);
INSERT INTO session_seat (session_id, seat_id, seat_type_id, price, seat_status_id) VALUES (5, 11, 1, 300.00, 1);
INSERT INTO session_seat (session_id, seat_id, seat_type_id, price, seat_status_id) VALUES (5, 12, 1, 300.00, 1);
INSERT INTO session_seat (session_id, seat_id, seat_type_id, price, seat_status_id) VALUES (5, 13, 1, 300.00, 1);
INSERT INTO session_seat (session_id, seat_id, seat_type_id, price, seat_status_id) VALUES (5, 14, 1, 300.00, 1);
INSERT INTO session_seat (session_id, seat_id, seat_type_id, price, seat_status_id) VALUES (5, 15, 1, 300.00, 1);
INSERT INTO session_seat (session_id, seat_id, seat_type_id, price, seat_status_id) VALUES (5, 16, 1, 300.00, 1);
INSERT INTO session_seat (session_id, seat_id, seat_type_id, price, seat_status_id) VALUES (5, 17, 1, 300.00, 1);
INSERT INTO session_seat (session_id, seat_id, seat_type_id, price, seat_status_id) VALUES (5, 18, 1, 300.00, 1);
INSERT INTO session_seat (session_id, seat_id, seat_type_id, price, seat_status_id) VALUES (5, 19, 1, 300.00, 1);
INSERT INTO session_seat (session_id, seat_id, seat_type_id, price, seat_status_id) VALUES (5, 20, 1, 300.00, 1);
INSERT INTO session_seat (session_id, seat_id, seat_type_id, price, seat_status_id) VALUES (5, 21, 1, 300.00, 1);
INSERT INTO session_seat (session_id, seat_id, seat_type_id, price, seat_status_id) VALUES (5, 22, 1, 300.00, 1);
INSERT INTO session_seat (session_id, seat_id, seat_type_id, price, seat_status_id) VALUES (5, 23, 1, 300.00, 1);
INSERT INTO session_seat (session_id, seat_id, seat_type_id, price, seat_status_id) VALUES (5, 24, 1, 300.00, 1);
INSERT INTO session_seat (session_id, seat_id, seat_type_id, price, seat_status_id) VALUES (5, 25, 1, 300.00, 1);
INSERT INTO session_seat (session_id, seat_id, seat_type_id, price, seat_status_id) VALUES (5, 26, 1, 300.00, 1);
INSERT INTO session_seat (session_id, seat_id, seat_type_id, price, seat_status_id) VALUES (5, 27, 1, 300.00, 1);
INSERT INTO session_seat (session_id, seat_id, seat_type_id, price, seat_status_id) VALUES (5, 28, 1, 300.00, 1);
INSERT INTO session_seat (session_id, seat_id, seat_type_id, price, seat_status_id) VALUES (5, 29, 1, 300.00, 1);
INSERT INTO session_seat (session_id, seat_id, seat_type_id, price, seat_status_id) VALUES (5, 30, 1, 300.00, 1);
INSERT INTO session_seat (session_id, seat_id, seat_type_id, price, seat_status_id) VALUES (5, 31, 1, 300.00, 1);
INSERT INTO session_seat (session_id, seat_id, seat_type_id, price, seat_status_id) VALUES (5, 32, 1, 300.00, 1);
INSERT INTO session_seat (session_id, seat_id, seat_type_id, price, seat_status_id) VALUES (5, 33, 1, 300.00, 1);
INSERT INTO session_seat (session_id, seat_id, seat_type_id, price, seat_status_id) VALUES (5, 34, 1, 300.00, 1);
INSERT INTO session_seat (session_id, seat_id, seat_type_id, price, seat_status_id) VALUES (5, 35, 1, 300.00, 1);
INSERT INTO session_seat (session_id, seat_id, seat_type_id, price, seat_status_id) VALUES (5, 36, 1, 300.00, 1);
INSERT INTO session_seat (session_id, seat_id, seat_type_id, price, seat_status_id) VALUES (5, 37, 1, 300.00, 1);
INSERT INTO session_seat (session_id, seat_id, seat_type_id, price, seat_status_id) VALUES (5, 38, 1, 300.00, 1);
INSERT INTO session_seat (session_id, seat_id, seat_type_id, price, seat_status_id) VALUES (5, 39, 1, 300.00, 1);
INSERT INTO session_seat (session_id, seat_id, seat_type_id, price, seat_status_id) VALUES (5, 40, 1, 300.00, 1);
INSERT INTO session_seat (session_id, seat_id, seat_type_id, price, seat_status_id) VALUES (5, 41, 1, 300.00, 1);
INSERT INTO session_seat (session_id, seat_id, seat_type_id, price, seat_status_id) VALUES (5, 42, 1, 300.00, 1);
INSERT INTO session_seat (session_id, seat_id, seat_type_id, price, seat_status_id) VALUES (5, 43, 1, 300.00, 1);
INSERT INTO session_seat (session_id, seat_id, seat_type_id, price, seat_status_id) VALUES (5, 44, 1, 300.00, 1);
INSERT INTO session_seat (session_id, seat_id, seat_type_id, price, seat_status_id) VALUES (5, 45, 1, 300.00, 1);
INSERT INTO session_seat (session_id, seat_id, seat_type_id, price, seat_status_id) VALUES (5, 46, 1, 300.00, 1);
INSERT INTO session_seat (session_id, seat_id, seat_type_id, price, seat_status_id) VALUES (5, 47, 1, 300.00, 1);
INSERT INTO session_seat (session_id, seat_id, seat_type_id, price, seat_status_id) VALUES (5, 48, 1, 300.00, 1);
INSERT INTO session_seat (session_id, seat_id, seat_type_id, price, seat_status_id) VALUES (5, 49, 1, 300.00, 1);
INSERT INTO session_seat (session_id, seat_id, seat_type_id, price, seat_status_id) VALUES (5, 50, 2, 420.00, 1);
INSERT INTO session_seat (session_id, seat_id, seat_type_id, price, seat_status_id) VALUES (5, 51, 2, 420.00, 1);
INSERT INTO session_seat (session_id, seat_id, seat_type_id, price, seat_status_id) VALUES (5, 52, 2, 420.00, 1);
INSERT INTO session_seat (session_id, seat_id, seat_type_id, price, seat_status_id) VALUES (5, 53, 2, 420.00, 1);
INSERT INTO session_seat (session_id, seat_id, seat_type_id, price, seat_status_id) VALUES (5, 54, 2, 420.00, 1);
INSERT INTO session_seat (session_id, seat_id, seat_type_id, price, seat_status_id) VALUES (5, 55, 2, 420.00, 1);
INSERT INTO session_seat (session_id, seat_id, seat_type_id, price, seat_status_id) VALUES (5, 56, 2, 420.00, 1);
INSERT INTO session_seat (session_id, seat_id, seat_type_id, price, seat_status_id) VALUES (5, 57, 2, 420.00, 1);
INSERT INTO session_seat (session_id, seat_id, seat_type_id, price, seat_status_id) VALUES (5, 58, 2, 420.00, 1);
INSERT INTO session_seat (session_id, seat_id, seat_type_id, price, seat_status_id) VALUES (5, 59, 2, 420.00, 1);
INSERT INTO session_seat (session_id, seat_id, seat_type_id, price, seat_status_id) VALUES (5, 60, 3, 600.00, 1);
INSERT INTO session_seat (session_id, seat_id, seat_type_id, price, seat_status_id) VALUES (5, 61, 3, 600.00, 1);
INSERT INTO session_seat (session_id, seat_id, seat_type_id, price, seat_status_id) VALUES (5, 62, 3, 600.00, 1);
INSERT INTO session_seat (session_id, seat_id, seat_type_id, price, seat_status_id) VALUES (5, 63, 3, 600.00, 1);
INSERT INTO session_seat (session_id, seat_id, seat_type_id, price, seat_status_id) VALUES (5, 64, 3, 600.00, 1);
INSERT INTO session_seat (session_id, seat_id, seat_type_id, price, seat_status_id) VALUES (5, 65, 3, 600.00, 1);
INSERT INTO session_seat (session_id, seat_id, seat_type_id, price, seat_status_id) VALUES (5, 66, 3, 600.00, 1);
INSERT INTO session_seat (session_id, seat_id, seat_type_id, price, seat_status_id) VALUES (5, 67, 3, 600.00, 1);
INSERT INTO session_seat (session_id, seat_id, seat_type_id, price, seat_status_id) VALUES (5, 68, 3, 600.00, 1);
INSERT INTO session_seat (session_id, seat_id, seat_type_id, price, seat_status_id) VALUES (5, 69, 3, 600.00, 1);
INSERT INTO session_seat (session_id, seat_id, seat_type_id, price, seat_status_id) VALUES (5, 70, 3, 600.00, 1);
INSERT INTO session_seat (session_id, seat_id, seat_type_id, price, seat_status_id) VALUES (6, 1, 1, 300.00, 1);
INSERT INTO session_seat (session_id, seat_id, seat_type_id, price, seat_status_id) VALUES (6, 2, 1, 300.00, 1);
INSERT INTO session_seat (session_id, seat_id, seat_type_id, price, seat_status_id) VALUES (6, 3, 1, 300.00, 1);
INSERT INTO session_seat (session_id, seat_id, seat_type_id, price, seat_status_id) VALUES (6, 4, 1, 300.00, 1);
INSERT INTO session_seat (session_id, seat_id, seat_type_id, price, seat_status_id) VALUES (6, 5, 1, 300.00, 1);
INSERT INTO session_seat (session_id, seat_id, seat_type_id, price, seat_status_id) VALUES (6, 6, 1, 300.00, 1);
INSERT INTO session_seat (session_id, seat_id, seat_type_id, price, seat_status_id) VALUES (6, 7, 1, 300.00, 1);
INSERT INTO session_seat (session_id, seat_id, seat_type_id, price, seat_status_id) VALUES (6, 8, 1, 300.00, 1);
INSERT INTO session_seat (session_id, seat_id, seat_type_id, price, seat_status_id) VALUES (6, 9, 1, 300.00, 1);
INSERT INTO session_seat (session_id, seat_id, seat_type_id, price, seat_status_id) VALUES (6, 10, 1, 300.00, 1);
INSERT INTO session_seat (session_id, seat_id, seat_type_id, price, seat_status_id) VALUES (6, 11, 1, 300.00, 1);
INSERT INTO session_seat (session_id, seat_id, seat_type_id, price, seat_status_id) VALUES (6, 12, 1, 300.00, 1);
INSERT INTO session_seat (session_id, seat_id, seat_type_id, price, seat_status_id) VALUES (6, 13, 1, 300.00, 1);
INSERT INTO session_seat (session_id, seat_id, seat_type_id, price, seat_status_id) VALUES (6, 14, 1, 300.00, 1);
INSERT INTO session_seat (session_id, seat_id, seat_type_id, price, seat_status_id) VALUES (6, 15, 1, 300.00, 1);
INSERT INTO session_seat (session_id, seat_id, seat_type_id, price, seat_status_id) VALUES (6, 16, 1, 300.00, 1);
INSERT INTO session_seat (session_id, seat_id, seat_type_id, price, seat_status_id) VALUES (6, 17, 1, 300.00, 1);
INSERT INTO session_seat (session_id, seat_id, seat_type_id, price, seat_status_id) VALUES (6, 18, 1, 300.00, 1);
INSERT INTO session_seat (session_id, seat_id, seat_type_id, price, seat_status_id) VALUES (6, 19, 1, 300.00, 1);
INSERT INTO session_seat (session_id, seat_id, seat_type_id, price, seat_status_id) VALUES (6, 20, 1, 300.00, 1);
INSERT INTO session_seat (session_id, seat_id, seat_type_id, price, seat_status_id) VALUES (6, 21, 1, 300.00, 1);
INSERT INTO session_seat (session_id, seat_id, seat_type_id, price, seat_status_id) VALUES (6, 22, 1, 300.00, 1);
INSERT INTO session_seat (session_id, seat_id, seat_type_id, price, seat_status_id) VALUES (6, 23, 1, 300.00, 1);
INSERT INTO session_seat (session_id, seat_id, seat_type_id, price, seat_status_id) VALUES (6, 24, 1, 300.00, 1);
INSERT INTO session_seat (session_id, seat_id, seat_type_id, price, seat_status_id) VALUES (6, 25, 1, 300.00, 1);
INSERT INTO session_seat (session_id, seat_id, seat_type_id, price, seat_status_id) VALUES (6, 26, 1, 300.00, 1);
INSERT INTO session_seat (session_id, seat_id, seat_type_id, price, seat_status_id) VALUES (6, 27, 1, 300.00, 1);
INSERT INTO session_seat (session_id, seat_id, seat_type_id, price, seat_status_id) VALUES (6, 28, 1, 300.00, 1);
INSERT INTO session_seat (session_id, seat_id, seat_type_id, price, seat_status_id) VALUES (6, 29, 1, 300.00, 1);
INSERT INTO session_seat (session_id, seat_id, seat_type_id, price, seat_status_id) VALUES (6, 30, 1, 300.00, 1);
INSERT INTO session_seat (session_id, seat_id, seat_type_id, price, seat_status_id) VALUES (6, 31, 1, 300.00, 1);
INSERT INTO session_seat (session_id, seat_id, seat_type_id, price, seat_status_id) VALUES (6, 32, 1, 300.00, 1);
INSERT INTO session_seat (session_id, seat_id, seat_type_id, price, seat_status_id) VALUES (6, 33, 1, 300.00, 1);
INSERT INTO session_seat (session_id, seat_id, seat_type_id, price, seat_status_id) VALUES (6, 34, 1, 300.00, 1);
INSERT INTO session_seat (session_id, seat_id, seat_type_id, price, seat_status_id) VALUES (6, 35, 1, 300.00, 1);
INSERT INTO session_seat (session_id, seat_id, seat_type_id, price, seat_status_id) VALUES (6, 36, 1, 300.00, 1);
INSERT INTO session_seat (session_id, seat_id, seat_type_id, price, seat_status_id) VALUES (6, 37, 1, 300.00, 1);
INSERT INTO session_seat (session_id, seat_id, seat_type_id, price, seat_status_id) VALUES (6, 38, 1, 300.00, 1);
INSERT INTO session_seat (session_id, seat_id, seat_type_id, price, seat_status_id) VALUES (6, 39, 1, 300.00, 1);
INSERT INTO session_seat (session_id, seat_id, seat_type_id, price, seat_status_id) VALUES (6, 40, 1, 300.00, 1);
INSERT INTO session_seat (session_id, seat_id, seat_type_id, price, seat_status_id) VALUES (6, 41, 1, 300.00, 1);
INSERT INTO session_seat (session_id, seat_id, seat_type_id, price, seat_status_id) VALUES (6, 42, 1, 300.00, 1);
INSERT INTO session_seat (session_id, seat_id, seat_type_id, price, seat_status_id) VALUES (6, 43, 1, 300.00, 1);
INSERT INTO session_seat (session_id, seat_id, seat_type_id, price, seat_status_id) VALUES (6, 44, 1, 300.00, 1);
INSERT INTO session_seat (session_id, seat_id, seat_type_id, price, seat_status_id) VALUES (6, 45, 1, 300.00, 1);
INSERT INTO session_seat (session_id, seat_id, seat_type_id, price, seat_status_id) VALUES (6, 46, 1, 300.00, 1);
INSERT INTO session_seat (session_id, seat_id, seat_type_id, price, seat_status_id) VALUES (6, 47, 1, 300.00, 1);
INSERT INTO session_seat (session_id, seat_id, seat_type_id, price, seat_status_id) VALUES (6, 48, 1, 300.00, 1);
INSERT INTO session_seat (session_id, seat_id, seat_type_id, price, seat_status_id) VALUES (6, 49, 1, 300.00, 1);
INSERT INTO session_seat (session_id, seat_id, seat_type_id, price, seat_status_id) VALUES (6, 50, 2, 420.00, 1);
INSERT INTO session_seat (session_id, seat_id, seat_type_id, price, seat_status_id) VALUES (6, 51, 2, 420.00, 1);
INSERT INTO session_seat (session_id, seat_id, seat_type_id, price, seat_status_id) VALUES (6, 52, 2, 420.00, 1);
INSERT INTO session_seat (session_id, seat_id, seat_type_id, price, seat_status_id) VALUES (6, 53, 2, 420.00, 1);
INSERT INTO session_seat (session_id, seat_id, seat_type_id, price, seat_status_id) VALUES (6, 54, 2, 420.00, 1);
INSERT INTO session_seat (session_id, seat_id, seat_type_id, price, seat_status_id) VALUES (6, 55, 2, 420.00, 1);
INSERT INTO session_seat (session_id, seat_id, seat_type_id, price, seat_status_id) VALUES (6, 56, 2, 420.00, 1);
INSERT INTO session_seat (session_id, seat_id, seat_type_id, price, seat_status_id) VALUES (6, 57, 2, 420.00, 1);
INSERT INTO session_seat (session_id, seat_id, seat_type_id, price, seat_status_id) VALUES (6, 58, 2, 420.00, 1);
INSERT INTO session_seat (session_id, seat_id, seat_type_id, price, seat_status_id) VALUES (6, 59, 2, 420.00, 1);
INSERT INTO session_seat (session_id, seat_id, seat_type_id, price, seat_status_id) VALUES (6, 60, 3, 600.00, 1);
INSERT INTO session_seat (session_id, seat_id, seat_type_id, price, seat_status_id) VALUES (6, 61, 3, 600.00, 1);
INSERT INTO session_seat (session_id, seat_id, seat_type_id, price, seat_status_id) VALUES (6, 62, 3, 600.00, 1);
INSERT INTO session_seat (session_id, seat_id, seat_type_id, price, seat_status_id) VALUES (6, 63, 3, 600.00, 1);
INSERT INTO session_seat (session_id, seat_id, seat_type_id, price, seat_status_id) VALUES (6, 64, 3, 600.00, 1);
INSERT INTO session_seat (session_id, seat_id, seat_type_id, price, seat_status_id) VALUES (6, 65, 3, 600.00, 1);
INSERT INTO session_seat (session_id, seat_id, seat_type_id, price, seat_status_id) VALUES (6, 66, 3, 600.00, 1);
INSERT INTO session_seat (session_id, seat_id, seat_type_id, price, seat_status_id) VALUES (6, 67, 3, 600.00, 1);
INSERT INTO session_seat (session_id, seat_id, seat_type_id, price, seat_status_id) VALUES (6, 68, 3, 600.00, 1);
INSERT INTO session_seat (session_id, seat_id, seat_type_id, price, seat_status_id) VALUES (6, 69, 3, 600.00, 1);
INSERT INTO session_seat (session_id, seat_id, seat_type_id, price, seat_status_id) VALUES (6, 70, 3, 600.00, 1);
INSERT INTO session_seat (session_id, seat_id, seat_type_id, price, seat_status_id) VALUES (7, 1, 1, 300.00, 1);
INSERT INTO session_seat (session_id, seat_id, seat_type_id, price, seat_status_id) VALUES (7, 2, 1, 300.00, 1);
INSERT INTO session_seat (session_id, seat_id, seat_type_id, price, seat_status_id) VALUES (7, 3, 1, 300.00, 1);
INSERT INTO session_seat (session_id, seat_id, seat_type_id, price, seat_status_id) VALUES (7, 4, 1, 300.00, 1);
INSERT INTO session_seat (session_id, seat_id, seat_type_id, price, seat_status_id) VALUES (7, 5, 1, 300.00, 1);
INSERT INTO session_seat (session_id, seat_id, seat_type_id, price, seat_status_id) VALUES (7, 6, 1, 300.00, 1);
INSERT INTO session_seat (session_id, seat_id, seat_type_id, price, seat_status_id) VALUES (7, 7, 1, 300.00, 1);
INSERT INTO session_seat (session_id, seat_id, seat_type_id, price, seat_status_id) VALUES (7, 8, 1, 300.00, 1);
INSERT INTO session_seat (session_id, seat_id, seat_type_id, price, seat_status_id) VALUES (7, 9, 1, 300.00, 1);
INSERT INTO session_seat (session_id, seat_id, seat_type_id, price, seat_status_id) VALUES (7, 10, 1, 300.00, 1);
INSERT INTO session_seat (session_id, seat_id, seat_type_id, price, seat_status_id) VALUES (7, 11, 1, 300.00, 1);
INSERT INTO session_seat (session_id, seat_id, seat_type_id, price, seat_status_id) VALUES (7, 12, 1, 300.00, 1);
INSERT INTO session_seat (session_id, seat_id, seat_type_id, price, seat_status_id) VALUES (7, 13, 1, 300.00, 1);
INSERT INTO session_seat (session_id, seat_id, seat_type_id, price, seat_status_id) VALUES (7, 14, 1, 300.00, 1);
INSERT INTO session_seat (session_id, seat_id, seat_type_id, price, seat_status_id) VALUES (7, 15, 1, 300.00, 1);
INSERT INTO session_seat (session_id, seat_id, seat_type_id, price, seat_status_id) VALUES (7, 16, 1, 300.00, 1);
INSERT INTO session_seat (session_id, seat_id, seat_type_id, price, seat_status_id) VALUES (7, 17, 1, 300.00, 1);
INSERT INTO session_seat (session_id, seat_id, seat_type_id, price, seat_status_id) VALUES (7, 18, 1, 300.00, 1);
INSERT INTO session_seat (session_id, seat_id, seat_type_id, price, seat_status_id) VALUES (7, 19, 1, 300.00, 1);
INSERT INTO session_seat (session_id, seat_id, seat_type_id, price, seat_status_id) VALUES (7, 20, 1, 300.00, 1);
INSERT INTO session_seat (session_id, seat_id, seat_type_id, price, seat_status_id) VALUES (7, 21, 1, 300.00, 1);
INSERT INTO session_seat (session_id, seat_id, seat_type_id, price, seat_status_id) VALUES (7, 22, 1, 300.00, 1);
INSERT INTO session_seat (session_id, seat_id, seat_type_id, price, seat_status_id) VALUES (7, 23, 1, 300.00, 1);
INSERT INTO session_seat (session_id, seat_id, seat_type_id, price, seat_status_id) VALUES (7, 24, 1, 300.00, 1);
INSERT INTO session_seat (session_id, seat_id, seat_type_id, price, seat_status_id) VALUES (7, 25, 1, 300.00, 1);
INSERT INTO session_seat (session_id, seat_id, seat_type_id, price, seat_status_id) VALUES (7, 26, 1, 300.00, 1);
INSERT INTO session_seat (session_id, seat_id, seat_type_id, price, seat_status_id) VALUES (7, 27, 1, 300.00, 1);
INSERT INTO session_seat (session_id, seat_id, seat_type_id, price, seat_status_id) VALUES (7, 28, 1, 300.00, 1);
INSERT INTO session_seat (session_id, seat_id, seat_type_id, price, seat_status_id) VALUES (7, 29, 1, 300.00, 1);
INSERT INTO session_seat (session_id, seat_id, seat_type_id, price, seat_status_id) VALUES (7, 30, 1, 300.00, 1);
INSERT INTO session_seat (session_id, seat_id, seat_type_id, price, seat_status_id) VALUES (7, 31, 1, 300.00, 1);
INSERT INTO session_seat (session_id, seat_id, seat_type_id, price, seat_status_id) VALUES (7, 32, 1, 300.00, 1);
INSERT INTO session_seat (session_id, seat_id, seat_type_id, price, seat_status_id) VALUES (7, 33, 1, 300.00, 1);
INSERT INTO session_seat (session_id, seat_id, seat_type_id, price, seat_status_id) VALUES (7, 34, 1, 300.00, 1);
INSERT INTO session_seat (session_id, seat_id, seat_type_id, price, seat_status_id) VALUES (7, 35, 1, 300.00, 1);
INSERT INTO session_seat (session_id, seat_id, seat_type_id, price, seat_status_id) VALUES (7, 36, 1, 300.00, 1);
INSERT INTO session_seat (session_id, seat_id, seat_type_id, price, seat_status_id) VALUES (7, 37, 1, 300.00, 1);
INSERT INTO session_seat (session_id, seat_id, seat_type_id, price, seat_status_id) VALUES (7, 38, 1, 300.00, 1);
INSERT INTO session_seat (session_id, seat_id, seat_type_id, price, seat_status_id) VALUES (7, 39, 1, 300.00, 1);
INSERT INTO session_seat (session_id, seat_id, seat_type_id, price, seat_status_id) VALUES (7, 40, 1, 300.00, 1);
INSERT INTO session_seat (session_id, seat_id, seat_type_id, price, seat_status_id) VALUES (7, 41, 1, 300.00, 1);
INSERT INTO session_seat (session_id, seat_id, seat_type_id, price, seat_status_id) VALUES (7, 42, 1, 300.00, 1);
INSERT INTO session_seat (session_id, seat_id, seat_type_id, price, seat_status_id) VALUES (7, 43, 1, 300.00, 1);
INSERT INTO session_seat (session_id, seat_id, seat_type_id, price, seat_status_id) VALUES (7, 44, 1, 300.00, 1);
INSERT INTO session_seat (session_id, seat_id, seat_type_id, price, seat_status_id) VALUES (7, 45, 1, 300.00, 1);
INSERT INTO session_seat (session_id, seat_id, seat_type_id, price, seat_status_id) VALUES (7, 46, 1, 300.00, 1);
INSERT INTO session_seat (session_id, seat_id, seat_type_id, price, seat_status_id) VALUES (7, 47, 1, 300.00, 1);
INSERT INTO session_seat (session_id, seat_id, seat_type_id, price, seat_status_id) VALUES (7, 48, 1, 300.00, 1);
INSERT INTO session_seat (session_id, seat_id, seat_type_id, price, seat_status_id) VALUES (7, 49, 1, 300.00, 1);
INSERT INTO session_seat (session_id, seat_id, seat_type_id, price, seat_status_id) VALUES (7, 50, 2, 420.00, 1);
INSERT INTO session_seat (session_id, seat_id, seat_type_id, price, seat_status_id) VALUES (7, 51, 2, 420.00, 1);
INSERT INTO session_seat (session_id, seat_id, seat_type_id, price, seat_status_id) VALUES (7, 52, 2, 420.00, 1);
INSERT INTO session_seat (session_id, seat_id, seat_type_id, price, seat_status_id) VALUES (7, 53, 2, 420.00, 1);
INSERT INTO session_seat (session_id, seat_id, seat_type_id, price, seat_status_id) VALUES (7, 54, 2, 420.00, 1);
INSERT INTO session_seat (session_id, seat_id, seat_type_id, price, seat_status_id) VALUES (7, 55, 2, 420.00, 1);
INSERT INTO session_seat (session_id, seat_id, seat_type_id, price, seat_status_id) VALUES (7, 56, 2, 420.00, 1);
INSERT INTO session_seat (session_id, seat_id, seat_type_id, price, seat_status_id) VALUES (7, 57, 2, 420.00, 1);
INSERT INTO session_seat (session_id, seat_id, seat_type_id, price, seat_status_id) VALUES (7, 58, 2, 420.00, 1);
INSERT INTO session_seat (session_id, seat_id, seat_type_id, price, seat_status_id) VALUES (7, 59, 2, 420.00, 1);
INSERT INTO session_seat (session_id, seat_id, seat_type_id, price, seat_status_id) VALUES (7, 60, 3, 600.00, 1);
INSERT INTO session_seat (session_id, seat_id, seat_type_id, price, seat_status_id) VALUES (7, 61, 3, 600.00, 1);
INSERT INTO session_seat (session_id, seat_id, seat_type_id, price, seat_status_id) VALUES (7, 62, 3, 600.00, 1);
INSERT INTO session_seat (session_id, seat_id, seat_type_id, price, seat_status_id) VALUES (7, 63, 3, 600.00, 1);
INSERT INTO session_seat (session_id, seat_id, seat_type_id, price, seat_status_id) VALUES (7, 64, 3, 600.00, 1);
INSERT INTO session_seat (session_id, seat_id, seat_type_id, price, seat_status_id) VALUES (7, 65, 3, 600.00, 1);
INSERT INTO session_seat (session_id, seat_id, seat_type_id, price, seat_status_id) VALUES (7, 66, 3, 600.00, 1);
INSERT INTO session_seat (session_id, seat_id, seat_type_id, price, seat_status_id) VALUES (7, 67, 3, 600.00, 1);
INSERT INTO session_seat (session_id, seat_id, seat_type_id, price, seat_status_id) VALUES (7, 68, 3, 600.00, 1);
INSERT INTO session_seat (session_id, seat_id, seat_type_id, price, seat_status_id) VALUES (7, 69, 3, 600.00, 1);
INSERT INTO session_seat (session_id, seat_id, seat_type_id, price, seat_status_id) VALUES (7, 70, 3, 600.00, 1);
INSERT INTO session_seat (session_id, seat_id, seat_type_id, price, seat_status_id) VALUES (8, 1, 1, 300.00, 1);
INSERT INTO session_seat (session_id, seat_id, seat_type_id, price, seat_status_id) VALUES (8, 2, 1, 300.00, 1);
INSERT INTO session_seat (session_id, seat_id, seat_type_id, price, seat_status_id) VALUES (8, 3, 1, 300.00, 1);
INSERT INTO session_seat (session_id, seat_id, seat_type_id, price, seat_status_id) VALUES (8, 4, 1, 300.00, 1);
INSERT INTO session_seat (session_id, seat_id, seat_type_id, price, seat_status_id) VALUES (8, 5, 1, 300.00, 1);
INSERT INTO session_seat (session_id, seat_id, seat_type_id, price, seat_status_id) VALUES (8, 6, 1, 300.00, 1);
INSERT INTO session_seat (session_id, seat_id, seat_type_id, price, seat_status_id) VALUES (8, 7, 1, 300.00, 1);
INSERT INTO session_seat (session_id, seat_id, seat_type_id, price, seat_status_id) VALUES (8, 8, 1, 300.00, 1);
INSERT INTO session_seat (session_id, seat_id, seat_type_id, price, seat_status_id) VALUES (8, 9, 1, 300.00, 1);
INSERT INTO session_seat (session_id, seat_id, seat_type_id, price, seat_status_id) VALUES (8, 10, 1, 300.00, 1);
INSERT INTO session_seat (session_id, seat_id, seat_type_id, price, seat_status_id) VALUES (8, 11, 1, 300.00, 1);
INSERT INTO session_seat (session_id, seat_id, seat_type_id, price, seat_status_id) VALUES (8, 12, 1, 300.00, 1);
INSERT INTO session_seat (session_id, seat_id, seat_type_id, price, seat_status_id) VALUES (8, 13, 1, 300.00, 1);
INSERT INTO session_seat (session_id, seat_id, seat_type_id, price, seat_status_id) VALUES (8, 14, 1, 300.00, 1);
INSERT INTO session_seat (session_id, seat_id, seat_type_id, price, seat_status_id) VALUES (8, 15, 1, 300.00, 1);
INSERT INTO session_seat (session_id, seat_id, seat_type_id, price, seat_status_id) VALUES (8, 16, 1, 300.00, 1);
INSERT INTO session_seat (session_id, seat_id, seat_type_id, price, seat_status_id) VALUES (8, 17, 1, 300.00, 1);
INSERT INTO session_seat (session_id, seat_id, seat_type_id, price, seat_status_id) VALUES (8, 18, 1, 300.00, 1);
INSERT INTO session_seat (session_id, seat_id, seat_type_id, price, seat_status_id) VALUES (8, 19, 1, 300.00, 1);
INSERT INTO session_seat (session_id, seat_id, seat_type_id, price, seat_status_id) VALUES (8, 20, 1, 300.00, 1);
INSERT INTO session_seat (session_id, seat_id, seat_type_id, price, seat_status_id) VALUES (8, 21, 1, 300.00, 1);
INSERT INTO session_seat (session_id, seat_id, seat_type_id, price, seat_status_id) VALUES (8, 22, 1, 300.00, 1);
INSERT INTO session_seat (session_id, seat_id, seat_type_id, price, seat_status_id) VALUES (8, 23, 1, 300.00, 1);
INSERT INTO session_seat (session_id, seat_id, seat_type_id, price, seat_status_id) VALUES (8, 24, 1, 300.00, 1);
INSERT INTO session_seat (session_id, seat_id, seat_type_id, price, seat_status_id) VALUES (8, 25, 1, 300.00, 1);
INSERT INTO session_seat (session_id, seat_id, seat_type_id, price, seat_status_id) VALUES (8, 26, 1, 300.00, 1);
INSERT INTO session_seat (session_id, seat_id, seat_type_id, price, seat_status_id) VALUES (8, 27, 1, 300.00, 1);
INSERT INTO session_seat (session_id, seat_id, seat_type_id, price, seat_status_id) VALUES (8, 28, 1, 300.00, 1);
INSERT INTO session_seat (session_id, seat_id, seat_type_id, price, seat_status_id) VALUES (8, 29, 1, 300.00, 1);
INSERT INTO session_seat (session_id, seat_id, seat_type_id, price, seat_status_id) VALUES (8, 30, 1, 300.00, 1);
INSERT INTO session_seat (session_id, seat_id, seat_type_id, price, seat_status_id) VALUES (8, 31, 1, 300.00, 1);
INSERT INTO session_seat (session_id, seat_id, seat_type_id, price, seat_status_id) VALUES (8, 32, 1, 300.00, 1);
INSERT INTO session_seat (session_id, seat_id, seat_type_id, price, seat_status_id) VALUES (8, 33, 1, 300.00, 1);
INSERT INTO session_seat (session_id, seat_id, seat_type_id, price, seat_status_id) VALUES (8, 34, 1, 300.00, 1);
INSERT INTO session_seat (session_id, seat_id, seat_type_id, price, seat_status_id) VALUES (8, 35, 1, 300.00, 1);
INSERT INTO session_seat (session_id, seat_id, seat_type_id, price, seat_status_id) VALUES (8, 36, 1, 300.00, 1);
INSERT INTO session_seat (session_id, seat_id, seat_type_id, price, seat_status_id) VALUES (8, 37, 1, 300.00, 1);
INSERT INTO session_seat (session_id, seat_id, seat_type_id, price, seat_status_id) VALUES (8, 38, 1, 300.00, 1);
INSERT INTO session_seat (session_id, seat_id, seat_type_id, price, seat_status_id) VALUES (8, 39, 1, 300.00, 1);
INSERT INTO session_seat (session_id, seat_id, seat_type_id, price, seat_status_id) VALUES (8, 40, 1, 300.00, 1);
INSERT INTO session_seat (session_id, seat_id, seat_type_id, price, seat_status_id) VALUES (8, 41, 1, 300.00, 1);
INSERT INTO session_seat (session_id, seat_id, seat_type_id, price, seat_status_id) VALUES (8, 42, 1, 300.00, 1);
INSERT INTO session_seat (session_id, seat_id, seat_type_id, price, seat_status_id) VALUES (8, 43, 1, 300.00, 1);
INSERT INTO session_seat (session_id, seat_id, seat_type_id, price, seat_status_id) VALUES (8, 44, 1, 300.00, 1);
INSERT INTO session_seat (session_id, seat_id, seat_type_id, price, seat_status_id) VALUES (8, 45, 1, 300.00, 1);
INSERT INTO session_seat (session_id, seat_id, seat_type_id, price, seat_status_id) VALUES (8, 46, 1, 300.00, 1);
INSERT INTO session_seat (session_id, seat_id, seat_type_id, price, seat_status_id) VALUES (8, 47, 1, 300.00, 1);
INSERT INTO session_seat (session_id, seat_id, seat_type_id, price, seat_status_id) VALUES (8, 48, 1, 300.00, 1);
INSERT INTO session_seat (session_id, seat_id, seat_type_id, price, seat_status_id) VALUES (8, 49, 1, 300.00, 1);
INSERT INTO session_seat (session_id, seat_id, seat_type_id, price, seat_status_id) VALUES (8, 50, 2, 420.00, 1);
INSERT INTO session_seat (session_id, seat_id, seat_type_id, price, seat_status_id) VALUES (8, 51, 2, 420.00, 1);
INSERT INTO session_seat (session_id, seat_id, seat_type_id, price, seat_status_id) VALUES (8, 52, 2, 420.00, 1);
INSERT INTO session_seat (session_id, seat_id, seat_type_id, price, seat_status_id) VALUES (8, 53, 2, 420.00, 1);
INSERT INTO session_seat (session_id, seat_id, seat_type_id, price, seat_status_id) VALUES (8, 54, 2, 420.00, 1);
INSERT INTO session_seat (session_id, seat_id, seat_type_id, price, seat_status_id) VALUES (8, 55, 2, 420.00, 1);
INSERT INTO session_seat (session_id, seat_id, seat_type_id, price, seat_status_id) VALUES (8, 56, 2, 420.00, 1);
INSERT INTO session_seat (session_id, seat_id, seat_type_id, price, seat_status_id) VALUES (8, 57, 2, 420.00, 1);
INSERT INTO session_seat (session_id, seat_id, seat_type_id, price, seat_status_id) VALUES (8, 58, 2, 420.00, 1);
INSERT INTO session_seat (session_id, seat_id, seat_type_id, price, seat_status_id) VALUES (8, 59, 2, 420.00, 1);
INSERT INTO session_seat (session_id, seat_id, seat_type_id, price, seat_status_id) VALUES (8, 60, 3, 600.00, 1);
INSERT INTO session_seat (session_id, seat_id, seat_type_id, price, seat_status_id) VALUES (8, 61, 3, 600.00, 1);
INSERT INTO session_seat (session_id, seat_id, seat_type_id, price, seat_status_id) VALUES (8, 62, 3, 600.00, 1);
INSERT INTO session_seat (session_id, seat_id, seat_type_id, price, seat_status_id) VALUES (8, 63, 3, 600.00, 1);
INSERT INTO session_seat (session_id, seat_id, seat_type_id, price, seat_status_id) VALUES (8, 64, 3, 600.00, 1);
INSERT INTO session_seat (session_id, seat_id, seat_type_id, price, seat_status_id) VALUES (8, 65, 3, 600.00, 1);
INSERT INTO session_seat (session_id, seat_id, seat_type_id, price, seat_status_id) VALUES (8, 66, 3, 600.00, 1);
INSERT INTO session_seat (session_id, seat_id, seat_type_id, price, seat_status_id) VALUES (8, 67, 3, 600.00, 1);
INSERT INTO session_seat (session_id, seat_id, seat_type_id, price, seat_status_id) VALUES (8, 68, 3, 600.00, 1);
INSERT INTO session_seat (session_id, seat_id, seat_type_id, price, seat_status_id) VALUES (8, 69, 3, 600.00, 1);
INSERT INTO session_seat (session_id, seat_id, seat_type_id, price, seat_status_id) VALUES (8, 70, 3, 600.00, 1);
INSERT INTO session_seat (session_id, seat_id, seat_type_id, price, seat_status_id) VALUES (9, 1, 1, 400.00, 1);
INSERT INTO session_seat (session_id, seat_id, seat_type_id, price, seat_status_id) VALUES (9, 2, 1, 400.00, 1);
INSERT INTO session_seat (session_id, seat_id, seat_type_id, price, seat_status_id) VALUES (9, 3, 1, 400.00, 1);
INSERT INTO session_seat (session_id, seat_id, seat_type_id, price, seat_status_id) VALUES (9, 4, 1, 400.00, 1);
INSERT INTO session_seat (session_id, seat_id, seat_type_id, price, seat_status_id) VALUES (9, 5, 1, 400.00, 1);
INSERT INTO session_seat (session_id, seat_id, seat_type_id, price, seat_status_id) VALUES (9, 6, 1, 400.00, 1);
INSERT INTO session_seat (session_id, seat_id, seat_type_id, price, seat_status_id) VALUES (9, 7, 1, 400.00, 1);
INSERT INTO session_seat (session_id, seat_id, seat_type_id, price, seat_status_id) VALUES (9, 8, 1, 400.00, 1);
INSERT INTO session_seat (session_id, seat_id, seat_type_id, price, seat_status_id) VALUES (9, 9, 1, 400.00, 1);
INSERT INTO session_seat (session_id, seat_id, seat_type_id, price, seat_status_id) VALUES (9, 10, 1, 400.00, 1);
INSERT INTO session_seat (session_id, seat_id, seat_type_id, price, seat_status_id) VALUES (9, 11, 1, 400.00, 1);
INSERT INTO session_seat (session_id, seat_id, seat_type_id, price, seat_status_id) VALUES (9, 12, 1, 400.00, 1);
INSERT INTO session_seat (session_id, seat_id, seat_type_id, price, seat_status_id) VALUES (9, 13, 1, 400.00, 1);
INSERT INTO session_seat (session_id, seat_id, seat_type_id, price, seat_status_id) VALUES (9, 14, 1, 400.00, 1);
INSERT INTO session_seat (session_id, seat_id, seat_type_id, price, seat_status_id) VALUES (9, 15, 1, 400.00, 1);
INSERT INTO session_seat (session_id, seat_id, seat_type_id, price, seat_status_id) VALUES (9, 16, 1, 400.00, 1);
INSERT INTO session_seat (session_id, seat_id, seat_type_id, price, seat_status_id) VALUES (9, 17, 1, 400.00, 1);
INSERT INTO session_seat (session_id, seat_id, seat_type_id, price, seat_status_id) VALUES (9, 18, 1, 400.00, 1);
INSERT INTO session_seat (session_id, seat_id, seat_type_id, price, seat_status_id) VALUES (9, 19, 1, 400.00, 1);
INSERT INTO session_seat (session_id, seat_id, seat_type_id, price, seat_status_id) VALUES (9, 20, 1, 400.00, 1);
INSERT INTO session_seat (session_id, seat_id, seat_type_id, price, seat_status_id) VALUES (9, 21, 1, 400.00, 1);
INSERT INTO session_seat (session_id, seat_id, seat_type_id, price, seat_status_id) VALUES (9, 22, 1, 400.00, 1);
INSERT INTO session_seat (session_id, seat_id, seat_type_id, price, seat_status_id) VALUES (9, 23, 1, 400.00, 1);
INSERT INTO session_seat (session_id, seat_id, seat_type_id, price, seat_status_id) VALUES (9, 24, 1, 400.00, 1);
INSERT INTO session_seat (session_id, seat_id, seat_type_id, price, seat_status_id) VALUES (9, 25, 1, 400.00, 1);
INSERT INTO session_seat (session_id, seat_id, seat_type_id, price, seat_status_id) VALUES (9, 26, 1, 400.00, 1);
INSERT INTO session_seat (session_id, seat_id, seat_type_id, price, seat_status_id) VALUES (9, 27, 1, 400.00, 1);
INSERT INTO session_seat (session_id, seat_id, seat_type_id, price, seat_status_id) VALUES (9, 28, 1, 400.00, 1);
INSERT INTO session_seat (session_id, seat_id, seat_type_id, price, seat_status_id) VALUES (9, 29, 1, 400.00, 1);
INSERT INTO session_seat (session_id, seat_id, seat_type_id, price, seat_status_id) VALUES (9, 30, 1, 400.00, 1);
INSERT INTO session_seat (session_id, seat_id, seat_type_id, price, seat_status_id) VALUES (9, 31, 1, 400.00, 1);
INSERT INTO session_seat (session_id, seat_id, seat_type_id, price, seat_status_id) VALUES (9, 32, 1, 400.00, 1);
INSERT INTO session_seat (session_id, seat_id, seat_type_id, price, seat_status_id) VALUES (9, 33, 1, 400.00, 1);
INSERT INTO session_seat (session_id, seat_id, seat_type_id, price, seat_status_id) VALUES (9, 34, 1, 400.00, 1);
INSERT INTO session_seat (session_id, seat_id, seat_type_id, price, seat_status_id) VALUES (9, 35, 1, 400.00, 1);
INSERT INTO session_seat (session_id, seat_id, seat_type_id, price, seat_status_id) VALUES (9, 36, 1, 400.00, 1);
INSERT INTO session_seat (session_id, seat_id, seat_type_id, price, seat_status_id) VALUES (9, 37, 1, 400.00, 1);
INSERT INTO session_seat (session_id, seat_id, seat_type_id, price, seat_status_id) VALUES (9, 38, 1, 400.00, 1);
INSERT INTO session_seat (session_id, seat_id, seat_type_id, price, seat_status_id) VALUES (9, 39, 1, 400.00, 1);
INSERT INTO session_seat (session_id, seat_id, seat_type_id, price, seat_status_id) VALUES (9, 40, 1, 400.00, 1);
INSERT INTO session_seat (session_id, seat_id, seat_type_id, price, seat_status_id) VALUES (9, 41, 1, 400.00, 1);
INSERT INTO session_seat (session_id, seat_id, seat_type_id, price, seat_status_id) VALUES (9, 42, 1, 400.00, 1);
INSERT INTO session_seat (session_id, seat_id, seat_type_id, price, seat_status_id) VALUES (9, 43, 1, 400.00, 1);
INSERT INTO session_seat (session_id, seat_id, seat_type_id, price, seat_status_id) VALUES (9, 44, 1, 400.00, 1);
INSERT INTO session_seat (session_id, seat_id, seat_type_id, price, seat_status_id) VALUES (9, 45, 1, 400.00, 1);
INSERT INTO session_seat (session_id, seat_id, seat_type_id, price, seat_status_id) VALUES (9, 46, 1, 400.00, 1);
INSERT INTO session_seat (session_id, seat_id, seat_type_id, price, seat_status_id) VALUES (9, 47, 1, 400.00, 1);
INSERT INTO session_seat (session_id, seat_id, seat_type_id, price, seat_status_id) VALUES (9, 48, 1, 400.00, 1);
INSERT INTO session_seat (session_id, seat_id, seat_type_id, price, seat_status_id) VALUES (9, 49, 1, 400.00, 1);
INSERT INTO session_seat (session_id, seat_id, seat_type_id, price, seat_status_id) VALUES (9, 50, 2, 520.00, 1);
INSERT INTO session_seat (session_id, seat_id, seat_type_id, price, seat_status_id) VALUES (9, 51, 2, 520.00, 1);
INSERT INTO session_seat (session_id, seat_id, seat_type_id, price, seat_status_id) VALUES (9, 52, 2, 520.00, 1);
INSERT INTO session_seat (session_id, seat_id, seat_type_id, price, seat_status_id) VALUES (9, 53, 2, 520.00, 1);
INSERT INTO session_seat (session_id, seat_id, seat_type_id, price, seat_status_id) VALUES (9, 54, 2, 520.00, 1);
INSERT INTO session_seat (session_id, seat_id, seat_type_id, price, seat_status_id) VALUES (9, 55, 2, 520.00, 1);
INSERT INTO session_seat (session_id, seat_id, seat_type_id, price, seat_status_id) VALUES (9, 56, 2, 520.00, 1);
INSERT INTO session_seat (session_id, seat_id, seat_type_id, price, seat_status_id) VALUES (9, 57, 2, 520.00, 1);
INSERT INTO session_seat (session_id, seat_id, seat_type_id, price, seat_status_id) VALUES (9, 58, 2, 520.00, 1);
INSERT INTO session_seat (session_id, seat_id, seat_type_id, price, seat_status_id) VALUES (9, 59, 2, 520.00, 1);
INSERT INTO session_seat (session_id, seat_id, seat_type_id, price, seat_status_id) VALUES (9, 60, 3, 700.00, 1);
INSERT INTO session_seat (session_id, seat_id, seat_type_id, price, seat_status_id) VALUES (9, 61, 3, 700.00, 1);
INSERT INTO session_seat (session_id, seat_id, seat_type_id, price, seat_status_id) VALUES (9, 62, 3, 700.00, 1);
INSERT INTO session_seat (session_id, seat_id, seat_type_id, price, seat_status_id) VALUES (9, 63, 3, 700.00, 1);
INSERT INTO session_seat (session_id, seat_id, seat_type_id, price, seat_status_id) VALUES (9, 64, 3, 700.00, 1);
INSERT INTO session_seat (session_id, seat_id, seat_type_id, price, seat_status_id) VALUES (9, 65, 3, 700.00, 1);
INSERT INTO session_seat (session_id, seat_id, seat_type_id, price, seat_status_id) VALUES (9, 66, 3, 700.00, 1);
INSERT INTO session_seat (session_id, seat_id, seat_type_id, price, seat_status_id) VALUES (9, 67, 3, 700.00, 1);
INSERT INTO session_seat (session_id, seat_id, seat_type_id, price, seat_status_id) VALUES (9, 68, 3, 700.00, 1);
INSERT INTO session_seat (session_id, seat_id, seat_type_id, price, seat_status_id) VALUES (9, 69, 3, 700.00, 1);
INSERT INTO session_seat (session_id, seat_id, seat_type_id, price, seat_status_id) VALUES (9, 70, 3, 700.00, 1);
INSERT INTO session_seat (session_id, seat_id, seat_type_id, price, seat_status_id) VALUES (10, 1, 1, 400.00, 1);
INSERT INTO session_seat (session_id, seat_id, seat_type_id, price, seat_status_id) VALUES (10, 2, 1, 400.00, 1);
INSERT INTO session_seat (session_id, seat_id, seat_type_id, price, seat_status_id) VALUES (10, 3, 1, 400.00, 1);
INSERT INTO session_seat (session_id, seat_id, seat_type_id, price, seat_status_id) VALUES (10, 4, 1, 400.00, 1);
INSERT INTO session_seat (session_id, seat_id, seat_type_id, price, seat_status_id) VALUES (10, 5, 1, 400.00, 1);
INSERT INTO session_seat (session_id, seat_id, seat_type_id, price, seat_status_id) VALUES (10, 6, 1, 400.00, 1);
INSERT INTO session_seat (session_id, seat_id, seat_type_id, price, seat_status_id) VALUES (10, 7, 1, 400.00, 1);
INSERT INTO session_seat (session_id, seat_id, seat_type_id, price, seat_status_id) VALUES (10, 8, 1, 400.00, 1);
INSERT INTO session_seat (session_id, seat_id, seat_type_id, price, seat_status_id) VALUES (10, 9, 1, 400.00, 1);
INSERT INTO session_seat (session_id, seat_id, seat_type_id, price, seat_status_id) VALUES (10, 10, 1, 400.00, 1);
INSERT INTO session_seat (session_id, seat_id, seat_type_id, price, seat_status_id) VALUES (10, 11, 1, 400.00, 1);
INSERT INTO session_seat (session_id, seat_id, seat_type_id, price, seat_status_id) VALUES (10, 12, 1, 400.00, 1);
INSERT INTO session_seat (session_id, seat_id, seat_type_id, price, seat_status_id) VALUES (10, 13, 1, 400.00, 1);
INSERT INTO session_seat (session_id, seat_id, seat_type_id, price, seat_status_id) VALUES (10, 14, 1, 400.00, 1);
INSERT INTO session_seat (session_id, seat_id, seat_type_id, price, seat_status_id) VALUES (10, 15, 1, 400.00, 1);
INSERT INTO session_seat (session_id, seat_id, seat_type_id, price, seat_status_id) VALUES (10, 16, 1, 400.00, 1);
INSERT INTO session_seat (session_id, seat_id, seat_type_id, price, seat_status_id) VALUES (10, 17, 1, 400.00, 1);
INSERT INTO session_seat (session_id, seat_id, seat_type_id, price, seat_status_id) VALUES (10, 18, 1, 400.00, 1);
INSERT INTO session_seat (session_id, seat_id, seat_type_id, price, seat_status_id) VALUES (10, 19, 1, 400.00, 1);
INSERT INTO session_seat (session_id, seat_id, seat_type_id, price, seat_status_id) VALUES (10, 20, 1, 400.00, 1);
INSERT INTO session_seat (session_id, seat_id, seat_type_id, price, seat_status_id) VALUES (10, 21, 1, 400.00, 1);
INSERT INTO session_seat (session_id, seat_id, seat_type_id, price, seat_status_id) VALUES (10, 22, 1, 400.00, 1);
INSERT INTO session_seat (session_id, seat_id, seat_type_id, price, seat_status_id) VALUES (10, 23, 1, 400.00, 1);
INSERT INTO session_seat (session_id, seat_id, seat_type_id, price, seat_status_id) VALUES (10, 24, 1, 400.00, 1);
INSERT INTO session_seat (session_id, seat_id, seat_type_id, price, seat_status_id) VALUES (10, 25, 1, 400.00, 1);
INSERT INTO session_seat (session_id, seat_id, seat_type_id, price, seat_status_id) VALUES (10, 26, 1, 400.00, 1);
INSERT INTO session_seat (session_id, seat_id, seat_type_id, price, seat_status_id) VALUES (10, 27, 1, 400.00, 1);
INSERT INTO session_seat (session_id, seat_id, seat_type_id, price, seat_status_id) VALUES (10, 28, 1, 400.00, 1);
INSERT INTO session_seat (session_id, seat_id, seat_type_id, price, seat_status_id) VALUES (10, 29, 1, 400.00, 1);
INSERT INTO session_seat (session_id, seat_id, seat_type_id, price, seat_status_id) VALUES (10, 30, 1, 400.00, 1);
INSERT INTO session_seat (session_id, seat_id, seat_type_id, price, seat_status_id) VALUES (10, 31, 1, 400.00, 1);
INSERT INTO session_seat (session_id, seat_id, seat_type_id, price, seat_status_id) VALUES (10, 32, 1, 400.00, 1);
INSERT INTO session_seat (session_id, seat_id, seat_type_id, price, seat_status_id) VALUES (10, 33, 1, 400.00, 1);
INSERT INTO session_seat (session_id, seat_id, seat_type_id, price, seat_status_id) VALUES (10, 34, 1, 400.00, 1);
INSERT INTO session_seat (session_id, seat_id, seat_type_id, price, seat_status_id) VALUES (10, 35, 1, 400.00, 1);
INSERT INTO session_seat (session_id, seat_id, seat_type_id, price, seat_status_id) VALUES (10, 36, 1, 400.00, 1);
INSERT INTO session_seat (session_id, seat_id, seat_type_id, price, seat_status_id) VALUES (10, 37, 1, 400.00, 1);
INSERT INTO session_seat (session_id, seat_id, seat_type_id, price, seat_status_id) VALUES (10, 38, 1, 400.00, 1);
INSERT INTO session_seat (session_id, seat_id, seat_type_id, price, seat_status_id) VALUES (10, 39, 1, 400.00, 1);
INSERT INTO session_seat (session_id, seat_id, seat_type_id, price, seat_status_id) VALUES (10, 40, 1, 400.00, 1);
INSERT INTO session_seat (session_id, seat_id, seat_type_id, price, seat_status_id) VALUES (10, 41, 1, 400.00, 1);
INSERT INTO session_seat (session_id, seat_id, seat_type_id, price, seat_status_id) VALUES (10, 42, 1, 400.00, 1);
INSERT INTO session_seat (session_id, seat_id, seat_type_id, price, seat_status_id) VALUES (10, 43, 1, 400.00, 1);
INSERT INTO session_seat (session_id, seat_id, seat_type_id, price, seat_status_id) VALUES (10, 44, 1, 400.00, 1);
INSERT INTO session_seat (session_id, seat_id, seat_type_id, price, seat_status_id) VALUES (10, 45, 1, 400.00, 1);
INSERT INTO session_seat (session_id, seat_id, seat_type_id, price, seat_status_id) VALUES (10, 46, 1, 400.00, 1);
INSERT INTO session_seat (session_id, seat_id, seat_type_id, price, seat_status_id) VALUES (10, 47, 1, 400.00, 1);
INSERT INTO session_seat (session_id, seat_id, seat_type_id, price, seat_status_id) VALUES (10, 48, 1, 400.00, 1);
INSERT INTO session_seat (session_id, seat_id, seat_type_id, price, seat_status_id) VALUES (10, 49, 1, 400.00, 1);
INSERT INTO session_seat (session_id, seat_id, seat_type_id, price, seat_status_id) VALUES (10, 50, 2, 520.00, 1);
INSERT INTO session_seat (session_id, seat_id, seat_type_id, price, seat_status_id) VALUES (10, 51, 2, 520.00, 1);
INSERT INTO session_seat (session_id, seat_id, seat_type_id, price, seat_status_id) VALUES (10, 52, 2, 520.00, 1);
INSERT INTO session_seat (session_id, seat_id, seat_type_id, price, seat_status_id) VALUES (10, 53, 2, 520.00, 1);
INSERT INTO session_seat (session_id, seat_id, seat_type_id, price, seat_status_id) VALUES (10, 54, 2, 520.00, 1);
INSERT INTO session_seat (session_id, seat_id, seat_type_id, price, seat_status_id) VALUES (10, 55, 2, 520.00, 1);
INSERT INTO session_seat (session_id, seat_id, seat_type_id, price, seat_status_id) VALUES (10, 56, 2, 520.00, 1);
INSERT INTO session_seat (session_id, seat_id, seat_type_id, price, seat_status_id) VALUES (10, 57, 2, 520.00, 1);
INSERT INTO session_seat (session_id, seat_id, seat_type_id, price, seat_status_id) VALUES (10, 58, 2, 520.00, 1);
INSERT INTO session_seat (session_id, seat_id, seat_type_id, price, seat_status_id) VALUES (10, 59, 2, 520.00, 1);
INSERT INTO session_seat (session_id, seat_id, seat_type_id, price, seat_status_id) VALUES (10, 60, 3, 700.00, 1);
INSERT INTO session_seat (session_id, seat_id, seat_type_id, price, seat_status_id) VALUES (10, 61, 3, 700.00, 1);
INSERT INTO session_seat (session_id, seat_id, seat_type_id, price, seat_status_id) VALUES (10, 62, 3, 700.00, 1);
INSERT INTO session_seat (session_id, seat_id, seat_type_id, price, seat_status_id) VALUES (10, 63, 3, 700.00, 1);
INSERT INTO session_seat (session_id, seat_id, seat_type_id, price, seat_status_id) VALUES (10, 64, 3, 700.00, 1);
INSERT INTO session_seat (session_id, seat_id, seat_type_id, price, seat_status_id) VALUES (10, 65, 3, 700.00, 1);
INSERT INTO session_seat (session_id, seat_id, seat_type_id, price, seat_status_id) VALUES (10, 66, 3, 700.00, 1);
INSERT INTO session_seat (session_id, seat_id, seat_type_id, price, seat_status_id) VALUES (10, 67, 3, 700.00, 1);
INSERT INTO session_seat (session_id, seat_id, seat_type_id, price, seat_status_id) VALUES (10, 68, 3, 700.00, 1);
INSERT INTO session_seat (session_id, seat_id, seat_type_id, price, seat_status_id) VALUES (10, 69, 3, 700.00, 1);
INSERT INTO session_seat (session_id, seat_id, seat_type_id, price, seat_status_id) VALUES (10, 70, 3, 700.00, 1);
INSERT INTO session_seat (session_id, seat_id, seat_type_id, price, seat_status_id) VALUES (11, 1, 1, 400.00, 1);
INSERT INTO session_seat (session_id, seat_id, seat_type_id, price, seat_status_id) VALUES (11, 2, 1, 400.00, 1);
INSERT INTO session_seat (session_id, seat_id, seat_type_id, price, seat_status_id) VALUES (11, 3, 1, 400.00, 1);
INSERT INTO session_seat (session_id, seat_id, seat_type_id, price, seat_status_id) VALUES (11, 4, 1, 400.00, 1);
INSERT INTO session_seat (session_id, seat_id, seat_type_id, price, seat_status_id) VALUES (11, 5, 1, 400.00, 1);
INSERT INTO session_seat (session_id, seat_id, seat_type_id, price, seat_status_id) VALUES (11, 6, 1, 400.00, 1);
INSERT INTO session_seat (session_id, seat_id, seat_type_id, price, seat_status_id) VALUES (11, 7, 1, 400.00, 1);
INSERT INTO session_seat (session_id, seat_id, seat_type_id, price, seat_status_id) VALUES (11, 8, 1, 400.00, 1);
INSERT INTO session_seat (session_id, seat_id, seat_type_id, price, seat_status_id) VALUES (11, 9, 1, 400.00, 1);
INSERT INTO session_seat (session_id, seat_id, seat_type_id, price, seat_status_id) VALUES (11, 10, 1, 400.00, 1);
INSERT INTO session_seat (session_id, seat_id, seat_type_id, price, seat_status_id) VALUES (11, 11, 1, 400.00, 1);
INSERT INTO session_seat (session_id, seat_id, seat_type_id, price, seat_status_id) VALUES (11, 12, 1, 400.00, 1);
INSERT INTO session_seat (session_id, seat_id, seat_type_id, price, seat_status_id) VALUES (11, 13, 1, 400.00, 1);
INSERT INTO session_seat (session_id, seat_id, seat_type_id, price, seat_status_id) VALUES (11, 14, 1, 400.00, 1);
INSERT INTO session_seat (session_id, seat_id, seat_type_id, price, seat_status_id) VALUES (11, 15, 1, 400.00, 1);
INSERT INTO session_seat (session_id, seat_id, seat_type_id, price, seat_status_id) VALUES (11, 16, 1, 400.00, 1);
INSERT INTO session_seat (session_id, seat_id, seat_type_id, price, seat_status_id) VALUES (11, 17, 1, 400.00, 1);
INSERT INTO session_seat (session_id, seat_id, seat_type_id, price, seat_status_id) VALUES (11, 18, 1, 400.00, 1);
INSERT INTO session_seat (session_id, seat_id, seat_type_id, price, seat_status_id) VALUES (11, 19, 1, 400.00, 1);
INSERT INTO session_seat (session_id, seat_id, seat_type_id, price, seat_status_id) VALUES (11, 20, 1, 400.00, 1);
INSERT INTO session_seat (session_id, seat_id, seat_type_id, price, seat_status_id) VALUES (11, 21, 1, 400.00, 1);
INSERT INTO session_seat (session_id, seat_id, seat_type_id, price, seat_status_id) VALUES (11, 22, 1, 400.00, 1);
INSERT INTO session_seat (session_id, seat_id, seat_type_id, price, seat_status_id) VALUES (11, 23, 1, 400.00, 1);
INSERT INTO session_seat (session_id, seat_id, seat_type_id, price, seat_status_id) VALUES (11, 24, 1, 400.00, 1);
INSERT INTO session_seat (session_id, seat_id, seat_type_id, price, seat_status_id) VALUES (11, 25, 1, 400.00, 1);
INSERT INTO session_seat (session_id, seat_id, seat_type_id, price, seat_status_id) VALUES (11, 26, 1, 400.00, 1);
INSERT INTO session_seat (session_id, seat_id, seat_type_id, price, seat_status_id) VALUES (11, 27, 1, 400.00, 1);
INSERT INTO session_seat (session_id, seat_id, seat_type_id, price, seat_status_id) VALUES (11, 28, 1, 400.00, 1);
INSERT INTO session_seat (session_id, seat_id, seat_type_id, price, seat_status_id) VALUES (11, 29, 1, 400.00, 1);
INSERT INTO session_seat (session_id, seat_id, seat_type_id, price, seat_status_id) VALUES (11, 30, 1, 400.00, 1);
INSERT INTO session_seat (session_id, seat_id, seat_type_id, price, seat_status_id) VALUES (11, 31, 1, 400.00, 1);
INSERT INTO session_seat (session_id, seat_id, seat_type_id, price, seat_status_id) VALUES (11, 32, 1, 400.00, 1);
INSERT INTO session_seat (session_id, seat_id, seat_type_id, price, seat_status_id) VALUES (11, 33, 1, 400.00, 1);
INSERT INTO session_seat (session_id, seat_id, seat_type_id, price, seat_status_id) VALUES (11, 34, 1, 400.00, 1);
INSERT INTO session_seat (session_id, seat_id, seat_type_id, price, seat_status_id) VALUES (11, 35, 1, 400.00, 1);
INSERT INTO session_seat (session_id, seat_id, seat_type_id, price, seat_status_id) VALUES (11, 36, 1, 400.00, 1);
INSERT INTO session_seat (session_id, seat_id, seat_type_id, price, seat_status_id) VALUES (11, 37, 1, 400.00, 1);
INSERT INTO session_seat (session_id, seat_id, seat_type_id, price, seat_status_id) VALUES (11, 38, 1, 400.00, 1);
INSERT INTO session_seat (session_id, seat_id, seat_type_id, price, seat_status_id) VALUES (11, 39, 1, 400.00, 1);
INSERT INTO session_seat (session_id, seat_id, seat_type_id, price, seat_status_id) VALUES (11, 40, 1, 400.00, 1);
INSERT INTO session_seat (session_id, seat_id, seat_type_id, price, seat_status_id) VALUES (11, 41, 1, 400.00, 1);
INSERT INTO session_seat (session_id, seat_id, seat_type_id, price, seat_status_id) VALUES (11, 42, 1, 400.00, 1);
INSERT INTO session_seat (session_id, seat_id, seat_type_id, price, seat_status_id) VALUES (11, 43, 1, 400.00, 1);
INSERT INTO session_seat (session_id, seat_id, seat_type_id, price, seat_status_id) VALUES (11, 44, 1, 400.00, 1);
INSERT INTO session_seat (session_id, seat_id, seat_type_id, price, seat_status_id) VALUES (11, 45, 1, 400.00, 1);
INSERT INTO session_seat (session_id, seat_id, seat_type_id, price, seat_status_id) VALUES (11, 46, 1, 400.00, 1);
INSERT INTO session_seat (session_id, seat_id, seat_type_id, price, seat_status_id) VALUES (11, 47, 1, 400.00, 1);
INSERT INTO session_seat (session_id, seat_id, seat_type_id, price, seat_status_id) VALUES (11, 48, 1, 400.00, 1);
INSERT INTO session_seat (session_id, seat_id, seat_type_id, price, seat_status_id) VALUES (11, 49, 1, 400.00, 1);
INSERT INTO session_seat (session_id, seat_id, seat_type_id, price, seat_status_id) VALUES (11, 50, 2, 520.00, 1);
INSERT INTO session_seat (session_id, seat_id, seat_type_id, price, seat_status_id) VALUES (11, 51, 2, 520.00, 1);
INSERT INTO session_seat (session_id, seat_id, seat_type_id, price, seat_status_id) VALUES (11, 52, 2, 520.00, 1);
INSERT INTO session_seat (session_id, seat_id, seat_type_id, price, seat_status_id) VALUES (11, 53, 2, 520.00, 1);
INSERT INTO session_seat (session_id, seat_id, seat_type_id, price, seat_status_id) VALUES (11, 54, 2, 520.00, 1);
INSERT INTO session_seat (session_id, seat_id, seat_type_id, price, seat_status_id) VALUES (11, 55, 2, 520.00, 1);
INSERT INTO session_seat (session_id, seat_id, seat_type_id, price, seat_status_id) VALUES (11, 56, 2, 520.00, 1);
INSERT INTO session_seat (session_id, seat_id, seat_type_id, price, seat_status_id) VALUES (11, 57, 2, 520.00, 1);
INSERT INTO session_seat (session_id, seat_id, seat_type_id, price, seat_status_id) VALUES (11, 58, 2, 520.00, 1);
INSERT INTO session_seat (session_id, seat_id, seat_type_id, price, seat_status_id) VALUES (11, 59, 2, 520.00, 1);
INSERT INTO session_seat (session_id, seat_id, seat_type_id, price, seat_status_id) VALUES (11, 60, 3, 700.00, 1);
INSERT INTO session_seat (session_id, seat_id, seat_type_id, price, seat_status_id) VALUES (11, 61, 3, 700.00, 1);
INSERT INTO session_seat (session_id, seat_id, seat_type_id, price, seat_status_id) VALUES (11, 62, 3, 700.00, 1);
INSERT INTO session_seat (session_id, seat_id, seat_type_id, price, seat_status_id) VALUES (11, 63, 3, 700.00, 1);
INSERT INTO session_seat (session_id, seat_id, seat_type_id, price, seat_status_id) VALUES (11, 64, 3, 700.00, 1);
INSERT INTO session_seat (session_id, seat_id, seat_type_id, price, seat_status_id) VALUES (11, 65, 3, 700.00, 1);
INSERT INTO session_seat (session_id, seat_id, seat_type_id, price, seat_status_id) VALUES (11, 66, 3, 700.00, 1);
INSERT INTO session_seat (session_id, seat_id, seat_type_id, price, seat_status_id) VALUES (11, 67, 3, 700.00, 1);
INSERT INTO session_seat (session_id, seat_id, seat_type_id, price, seat_status_id) VALUES (11, 68, 3, 700.00, 1);
INSERT INTO session_seat (session_id, seat_id, seat_type_id, price, seat_status_id) VALUES (11, 69, 3, 700.00, 1);
INSERT INTO session_seat (session_id, seat_id, seat_type_id, price, seat_status_id) VALUES (11, 70, 3, 700.00, 1);
INSERT INTO session_seat (session_id, seat_id, seat_type_id, price, seat_status_id) VALUES (12, 1, 1, 400.00, 1);
INSERT INTO session_seat (session_id, seat_id, seat_type_id, price, seat_status_id) VALUES (12, 2, 1, 400.00, 1);
INSERT INTO session_seat (session_id, seat_id, seat_type_id, price, seat_status_id) VALUES (12, 3, 1, 400.00, 1);
INSERT INTO session_seat (session_id, seat_id, seat_type_id, price, seat_status_id) VALUES (12, 4, 1, 400.00, 1);
INSERT INTO session_seat (session_id, seat_id, seat_type_id, price, seat_status_id) VALUES (12, 5, 1, 400.00, 1);
INSERT INTO session_seat (session_id, seat_id, seat_type_id, price, seat_status_id) VALUES (12, 6, 1, 400.00, 1);
INSERT INTO session_seat (session_id, seat_id, seat_type_id, price, seat_status_id) VALUES (12, 7, 1, 400.00, 1);
INSERT INTO session_seat (session_id, seat_id, seat_type_id, price, seat_status_id) VALUES (12, 8, 1, 400.00, 1);
INSERT INTO session_seat (session_id, seat_id, seat_type_id, price, seat_status_id) VALUES (12, 9, 1, 400.00, 1);
INSERT INTO session_seat (session_id, seat_id, seat_type_id, price, seat_status_id) VALUES (12, 10, 1, 400.00, 1);
INSERT INTO session_seat (session_id, seat_id, seat_type_id, price, seat_status_id) VALUES (12, 11, 1, 400.00, 1);
INSERT INTO session_seat (session_id, seat_id, seat_type_id, price, seat_status_id) VALUES (12, 12, 1, 400.00, 1);
INSERT INTO session_seat (session_id, seat_id, seat_type_id, price, seat_status_id) VALUES (12, 13, 1, 400.00, 1);
INSERT INTO session_seat (session_id, seat_id, seat_type_id, price, seat_status_id) VALUES (12, 14, 1, 400.00, 1);
INSERT INTO session_seat (session_id, seat_id, seat_type_id, price, seat_status_id) VALUES (12, 15, 1, 400.00, 1);
INSERT INTO session_seat (session_id, seat_id, seat_type_id, price, seat_status_id) VALUES (12, 16, 1, 400.00, 1);
INSERT INTO session_seat (session_id, seat_id, seat_type_id, price, seat_status_id) VALUES (12, 17, 1, 400.00, 1);
INSERT INTO session_seat (session_id, seat_id, seat_type_id, price, seat_status_id) VALUES (12, 18, 1, 400.00, 1);
INSERT INTO session_seat (session_id, seat_id, seat_type_id, price, seat_status_id) VALUES (12, 19, 1, 400.00, 1);
INSERT INTO session_seat (session_id, seat_id, seat_type_id, price, seat_status_id) VALUES (12, 20, 1, 400.00, 1);
INSERT INTO session_seat (session_id, seat_id, seat_type_id, price, seat_status_id) VALUES (12, 21, 1, 400.00, 1);
INSERT INTO session_seat (session_id, seat_id, seat_type_id, price, seat_status_id) VALUES (12, 22, 1, 400.00, 1);
INSERT INTO session_seat (session_id, seat_id, seat_type_id, price, seat_status_id) VALUES (12, 23, 1, 400.00, 1);
INSERT INTO session_seat (session_id, seat_id, seat_type_id, price, seat_status_id) VALUES (12, 24, 1, 400.00, 1);
INSERT INTO session_seat (session_id, seat_id, seat_type_id, price, seat_status_id) VALUES (12, 25, 1, 400.00, 1);
INSERT INTO session_seat (session_id, seat_id, seat_type_id, price, seat_status_id) VALUES (12, 26, 1, 400.00, 1);
INSERT INTO session_seat (session_id, seat_id, seat_type_id, price, seat_status_id) VALUES (12, 27, 1, 400.00, 1);
INSERT INTO session_seat (session_id, seat_id, seat_type_id, price, seat_status_id) VALUES (12, 28, 1, 400.00, 1);
INSERT INTO session_seat (session_id, seat_id, seat_type_id, price, seat_status_id) VALUES (12, 29, 1, 400.00, 1);
INSERT INTO session_seat (session_id, seat_id, seat_type_id, price, seat_status_id) VALUES (12, 30, 1, 400.00, 1);
INSERT INTO session_seat (session_id, seat_id, seat_type_id, price, seat_status_id) VALUES (12, 31, 1, 400.00, 1);
INSERT INTO session_seat (session_id, seat_id, seat_type_id, price, seat_status_id) VALUES (12, 32, 1, 400.00, 1);
INSERT INTO session_seat (session_id, seat_id, seat_type_id, price, seat_status_id) VALUES (12, 33, 1, 400.00, 1);
INSERT INTO session_seat (session_id, seat_id, seat_type_id, price, seat_status_id) VALUES (12, 34, 1, 400.00, 1);
INSERT INTO session_seat (session_id, seat_id, seat_type_id, price, seat_status_id) VALUES (12, 35, 1, 400.00, 1);
INSERT INTO session_seat (session_id, seat_id, seat_type_id, price, seat_status_id) VALUES (12, 36, 1, 400.00, 1);
INSERT INTO session_seat (session_id, seat_id, seat_type_id, price, seat_status_id) VALUES (12, 37, 1, 400.00, 1);
INSERT INTO session_seat (session_id, seat_id, seat_type_id, price, seat_status_id) VALUES (12, 38, 1, 400.00, 1);
INSERT INTO session_seat (session_id, seat_id, seat_type_id, price, seat_status_id) VALUES (12, 39, 1, 400.00, 1);
INSERT INTO session_seat (session_id, seat_id, seat_type_id, price, seat_status_id) VALUES (12, 40, 1, 400.00, 1);
INSERT INTO session_seat (session_id, seat_id, seat_type_id, price, seat_status_id) VALUES (12, 41, 1, 400.00, 1);
INSERT INTO session_seat (session_id, seat_id, seat_type_id, price, seat_status_id) VALUES (12, 42, 1, 400.00, 1);
INSERT INTO session_seat (session_id, seat_id, seat_type_id, price, seat_status_id) VALUES (12, 43, 1, 400.00, 1);
INSERT INTO session_seat (session_id, seat_id, seat_type_id, price, seat_status_id) VALUES (12, 44, 1, 400.00, 1);
INSERT INTO session_seat (session_id, seat_id, seat_type_id, price, seat_status_id) VALUES (12, 45, 1, 400.00, 1);
INSERT INTO session_seat (session_id, seat_id, seat_type_id, price, seat_status_id) VALUES (12, 46, 1, 400.00, 1);
INSERT INTO session_seat (session_id, seat_id, seat_type_id, price, seat_status_id) VALUES (12, 47, 1, 400.00, 1);
INSERT INTO session_seat (session_id, seat_id, seat_type_id, price, seat_status_id) VALUES (12, 48, 1, 400.00, 1);
INSERT INTO session_seat (session_id, seat_id, seat_type_id, price, seat_status_id) VALUES (12, 49, 1, 400.00, 1);
INSERT INTO session_seat (session_id, seat_id, seat_type_id, price, seat_status_id) VALUES (12, 50, 2, 520.00, 1);
INSERT INTO session_seat (session_id, seat_id, seat_type_id, price, seat_status_id) VALUES (12, 51, 2, 520.00, 1);
INSERT INTO session_seat (session_id, seat_id, seat_type_id, price, seat_status_id) VALUES (12, 52, 2, 520.00, 1);
INSERT INTO session_seat (session_id, seat_id, seat_type_id, price, seat_status_id) VALUES (12, 53, 2, 520.00, 1);
INSERT INTO session_seat (session_id, seat_id, seat_type_id, price, seat_status_id) VALUES (12, 54, 2, 520.00, 1);
INSERT INTO session_seat (session_id, seat_id, seat_type_id, price, seat_status_id) VALUES (12, 55, 2, 520.00, 1);
INSERT INTO session_seat (session_id, seat_id, seat_type_id, price, seat_status_id) VALUES (12, 56, 2, 520.00, 1);
INSERT INTO session_seat (session_id, seat_id, seat_type_id, price, seat_status_id) VALUES (12, 57, 2, 520.00, 1);
INSERT INTO session_seat (session_id, seat_id, seat_type_id, price, seat_status_id) VALUES (12, 58, 2, 520.00, 1);
INSERT INTO session_seat (session_id, seat_id, seat_type_id, price, seat_status_id) VALUES (12, 59, 2, 520.00, 1);
INSERT INTO session_seat (session_id, seat_id, seat_type_id, price, seat_status_id) VALUES (12, 60, 3, 700.00, 1);
INSERT INTO session_seat (session_id, seat_id, seat_type_id, price, seat_status_id) VALUES (12, 61, 3, 700.00, 1);
INSERT INTO session_seat (session_id, seat_id, seat_type_id, price, seat_status_id) VALUES (12, 62, 3, 700.00, 1);
INSERT INTO session_seat (session_id, seat_id, seat_type_id, price, seat_status_id) VALUES (12, 63, 3, 700.00, 1);
INSERT INTO session_seat (session_id, seat_id, seat_type_id, price, seat_status_id) VALUES (12, 64, 3, 700.00, 1);
INSERT INTO session_seat (session_id, seat_id, seat_type_id, price, seat_status_id) VALUES (12, 65, 3, 700.00, 1);
INSERT INTO session_seat (session_id, seat_id, seat_type_id, price, seat_status_id) VALUES (12, 66, 3, 700.00, 1);
INSERT INTO session_seat (session_id, seat_id, seat_type_id, price, seat_status_id) VALUES (12, 67, 3, 700.00, 1);
INSERT INTO session_seat (session_id, seat_id, seat_type_id, price, seat_status_id) VALUES (12, 68, 3, 700.00, 1);
INSERT INTO session_seat (session_id, seat_id, seat_type_id, price, seat_status_id) VALUES (12, 69, 3, 700.00, 1);
INSERT INTO session_seat (session_id, seat_id, seat_type_id, price, seat_status_id) VALUES (12, 70, 3, 700.00, 1);
INSERT INTO session_seat (session_id, seat_id, seat_type_id, price, seat_status_id) VALUES (13, 1, 1, 500.00, 1);
INSERT INTO session_seat (session_id, seat_id, seat_type_id, price, seat_status_id) VALUES (13, 2, 1, 500.00, 1);
INSERT INTO session_seat (session_id, seat_id, seat_type_id, price, seat_status_id) VALUES (13, 3, 1, 500.00, 1);
INSERT INTO session_seat (session_id, seat_id, seat_type_id, price, seat_status_id) VALUES (13, 4, 1, 500.00, 1);
INSERT INTO session_seat (session_id, seat_id, seat_type_id, price, seat_status_id) VALUES (13, 5, 1, 500.00, 1);
INSERT INTO session_seat (session_id, seat_id, seat_type_id, price, seat_status_id) VALUES (13, 6, 1, 500.00, 1);
INSERT INTO session_seat (session_id, seat_id, seat_type_id, price, seat_status_id) VALUES (13, 7, 1, 500.00, 1);
INSERT INTO session_seat (session_id, seat_id, seat_type_id, price, seat_status_id) VALUES (13, 8, 1, 500.00, 1);
INSERT INTO session_seat (session_id, seat_id, seat_type_id, price, seat_status_id) VALUES (13, 9, 1, 500.00, 1);
INSERT INTO session_seat (session_id, seat_id, seat_type_id, price, seat_status_id) VALUES (13, 10, 1, 500.00, 1);
INSERT INTO session_seat (session_id, seat_id, seat_type_id, price, seat_status_id) VALUES (13, 11, 1, 500.00, 1);
INSERT INTO session_seat (session_id, seat_id, seat_type_id, price, seat_status_id) VALUES (13, 12, 1, 500.00, 1);
INSERT INTO session_seat (session_id, seat_id, seat_type_id, price, seat_status_id) VALUES (13, 13, 1, 500.00, 1);
INSERT INTO session_seat (session_id, seat_id, seat_type_id, price, seat_status_id) VALUES (13, 14, 1, 500.00, 1);
INSERT INTO session_seat (session_id, seat_id, seat_type_id, price, seat_status_id) VALUES (13, 15, 1, 500.00, 1);
INSERT INTO session_seat (session_id, seat_id, seat_type_id, price, seat_status_id) VALUES (13, 16, 1, 500.00, 1);
INSERT INTO session_seat (session_id, seat_id, seat_type_id, price, seat_status_id) VALUES (13, 17, 1, 500.00, 1);
INSERT INTO session_seat (session_id, seat_id, seat_type_id, price, seat_status_id) VALUES (13, 18, 1, 500.00, 1);
INSERT INTO session_seat (session_id, seat_id, seat_type_id, price, seat_status_id) VALUES (13, 19, 1, 500.00, 1);
INSERT INTO session_seat (session_id, seat_id, seat_type_id, price, seat_status_id) VALUES (13, 20, 1, 500.00, 1);
INSERT INTO session_seat (session_id, seat_id, seat_type_id, price, seat_status_id) VALUES (13, 21, 1, 500.00, 1);
INSERT INTO session_seat (session_id, seat_id, seat_type_id, price, seat_status_id) VALUES (13, 22, 1, 500.00, 1);
INSERT INTO session_seat (session_id, seat_id, seat_type_id, price, seat_status_id) VALUES (13, 23, 1, 500.00, 1);
INSERT INTO session_seat (session_id, seat_id, seat_type_id, price, seat_status_id) VALUES (13, 24, 1, 500.00, 1);
INSERT INTO session_seat (session_id, seat_id, seat_type_id, price, seat_status_id) VALUES (13, 25, 1, 500.00, 1);
INSERT INTO session_seat (session_id, seat_id, seat_type_id, price, seat_status_id) VALUES (13, 26, 1, 500.00, 1);
INSERT INTO session_seat (session_id, seat_id, seat_type_id, price, seat_status_id) VALUES (13, 27, 1, 500.00, 1);
INSERT INTO session_seat (session_id, seat_id, seat_type_id, price, seat_status_id) VALUES (13, 28, 1, 500.00, 1);
INSERT INTO session_seat (session_id, seat_id, seat_type_id, price, seat_status_id) VALUES (13, 29, 1, 500.00, 1);
INSERT INTO session_seat (session_id, seat_id, seat_type_id, price, seat_status_id) VALUES (13, 30, 1, 500.00, 1);
INSERT INTO session_seat (session_id, seat_id, seat_type_id, price, seat_status_id) VALUES (13, 31, 1, 500.00, 1);
INSERT INTO session_seat (session_id, seat_id, seat_type_id, price, seat_status_id) VALUES (13, 32, 1, 500.00, 1);
INSERT INTO session_seat (session_id, seat_id, seat_type_id, price, seat_status_id) VALUES (13, 33, 1, 500.00, 1);
INSERT INTO session_seat (session_id, seat_id, seat_type_id, price, seat_status_id) VALUES (13, 34, 1, 500.00, 1);
INSERT INTO session_seat (session_id, seat_id, seat_type_id, price, seat_status_id) VALUES (13, 35, 1, 500.00, 1);
INSERT INTO session_seat (session_id, seat_id, seat_type_id, price, seat_status_id) VALUES (13, 36, 1, 500.00, 1);
INSERT INTO session_seat (session_id, seat_id, seat_type_id, price, seat_status_id) VALUES (13, 37, 1, 500.00, 1);
INSERT INTO session_seat (session_id, seat_id, seat_type_id, price, seat_status_id) VALUES (13, 38, 1, 500.00, 1);
INSERT INTO session_seat (session_id, seat_id, seat_type_id, price, seat_status_id) VALUES (13, 39, 1, 500.00, 1);
INSERT INTO session_seat (session_id, seat_id, seat_type_id, price, seat_status_id) VALUES (13, 40, 1, 500.00, 1);
INSERT INTO session_seat (session_id, seat_id, seat_type_id, price, seat_status_id) VALUES (13, 41, 1, 500.00, 1);
INSERT INTO session_seat (session_id, seat_id, seat_type_id, price, seat_status_id) VALUES (13, 42, 1, 500.00, 1);
INSERT INTO session_seat (session_id, seat_id, seat_type_id, price, seat_status_id) VALUES (13, 43, 1, 500.00, 1);
INSERT INTO session_seat (session_id, seat_id, seat_type_id, price, seat_status_id) VALUES (13, 44, 1, 500.00, 1);
INSERT INTO session_seat (session_id, seat_id, seat_type_id, price, seat_status_id) VALUES (13, 45, 1, 500.00, 1);
INSERT INTO session_seat (session_id, seat_id, seat_type_id, price, seat_status_id) VALUES (13, 46, 1, 500.00, 1);
INSERT INTO session_seat (session_id, seat_id, seat_type_id, price, seat_status_id) VALUES (13, 47, 1, 500.00, 1);
INSERT INTO session_seat (session_id, seat_id, seat_type_id, price, seat_status_id) VALUES (13, 48, 1, 500.00, 1);
INSERT INTO session_seat (session_id, seat_id, seat_type_id, price, seat_status_id) VALUES (13, 49, 1, 500.00, 1);
INSERT INTO session_seat (session_id, seat_id, seat_type_id, price, seat_status_id) VALUES (13, 50, 2, 620.00, 1);
INSERT INTO session_seat (session_id, seat_id, seat_type_id, price, seat_status_id) VALUES (13, 51, 2, 620.00, 1);
INSERT INTO session_seat (session_id, seat_id, seat_type_id, price, seat_status_id) VALUES (13, 52, 2, 620.00, 1);
INSERT INTO session_seat (session_id, seat_id, seat_type_id, price, seat_status_id) VALUES (13, 53, 2, 620.00, 1);
INSERT INTO session_seat (session_id, seat_id, seat_type_id, price, seat_status_id) VALUES (13, 54, 2, 620.00, 1);
INSERT INTO session_seat (session_id, seat_id, seat_type_id, price, seat_status_id) VALUES (13, 55, 2, 620.00, 1);
INSERT INTO session_seat (session_id, seat_id, seat_type_id, price, seat_status_id) VALUES (13, 56, 2, 620.00, 1);
INSERT INTO session_seat (session_id, seat_id, seat_type_id, price, seat_status_id) VALUES (13, 57, 2, 620.00, 1);
INSERT INTO session_seat (session_id, seat_id, seat_type_id, price, seat_status_id) VALUES (13, 58, 2, 620.00, 1);
INSERT INTO session_seat (session_id, seat_id, seat_type_id, price, seat_status_id) VALUES (13, 59, 2, 620.00, 1);
INSERT INTO session_seat (session_id, seat_id, seat_type_id, price, seat_status_id) VALUES (13, 60, 3, 800.00, 1);
INSERT INTO session_seat (session_id, seat_id, seat_type_id, price, seat_status_id) VALUES (13, 61, 3, 800.00, 1);
INSERT INTO session_seat (session_id, seat_id, seat_type_id, price, seat_status_id) VALUES (13, 62, 3, 800.00, 1);
INSERT INTO session_seat (session_id, seat_id, seat_type_id, price, seat_status_id) VALUES (13, 63, 3, 800.00, 1);
INSERT INTO session_seat (session_id, seat_id, seat_type_id, price, seat_status_id) VALUES (13, 64, 3, 800.00, 1);
INSERT INTO session_seat (session_id, seat_id, seat_type_id, price, seat_status_id) VALUES (13, 65, 3, 800.00, 1);
INSERT INTO session_seat (session_id, seat_id, seat_type_id, price, seat_status_id) VALUES (13, 66, 3, 800.00, 1);
INSERT INTO session_seat (session_id, seat_id, seat_type_id, price, seat_status_id) VALUES (13, 67, 3, 800.00, 1);
INSERT INTO session_seat (session_id, seat_id, seat_type_id, price, seat_status_id) VALUES (13, 68, 3, 800.00, 1);
INSERT INTO session_seat (session_id, seat_id, seat_type_id, price, seat_status_id) VALUES (13, 69, 3, 800.00, 1);
INSERT INTO session_seat (session_id, seat_id, seat_type_id, price, seat_status_id) VALUES (13, 70, 3, 800.00, 1);
INSERT INTO session_seat (session_id, seat_id, seat_type_id, price, seat_status_id) VALUES (14, 1, 1, 500.00, 1);
INSERT INTO session_seat (session_id, seat_id, seat_type_id, price, seat_status_id) VALUES (14, 2, 1, 500.00, 1);
INSERT INTO session_seat (session_id, seat_id, seat_type_id, price, seat_status_id) VALUES (14, 3, 1, 500.00, 1);
INSERT INTO session_seat (session_id, seat_id, seat_type_id, price, seat_status_id) VALUES (14, 4, 1, 500.00, 1);
INSERT INTO session_seat (session_id, seat_id, seat_type_id, price, seat_status_id) VALUES (14, 5, 1, 500.00, 1);
INSERT INTO session_seat (session_id, seat_id, seat_type_id, price, seat_status_id) VALUES (14, 6, 1, 500.00, 1);
INSERT INTO session_seat (session_id, seat_id, seat_type_id, price, seat_status_id) VALUES (14, 7, 1, 500.00, 1);
INSERT INTO session_seat (session_id, seat_id, seat_type_id, price, seat_status_id) VALUES (14, 8, 1, 500.00, 1);
INSERT INTO session_seat (session_id, seat_id, seat_type_id, price, seat_status_id) VALUES (14, 9, 1, 500.00, 1);
INSERT INTO session_seat (session_id, seat_id, seat_type_id, price, seat_status_id) VALUES (14, 10, 1, 500.00, 1);
INSERT INTO session_seat (session_id, seat_id, seat_type_id, price, seat_status_id) VALUES (14, 11, 1, 500.00, 1);
INSERT INTO session_seat (session_id, seat_id, seat_type_id, price, seat_status_id) VALUES (14, 12, 1, 500.00, 1);
INSERT INTO session_seat (session_id, seat_id, seat_type_id, price, seat_status_id) VALUES (14, 13, 1, 500.00, 1);
INSERT INTO session_seat (session_id, seat_id, seat_type_id, price, seat_status_id) VALUES (14, 14, 1, 500.00, 1);
INSERT INTO session_seat (session_id, seat_id, seat_type_id, price, seat_status_id) VALUES (14, 15, 1, 500.00, 1);
INSERT INTO session_seat (session_id, seat_id, seat_type_id, price, seat_status_id) VALUES (14, 16, 1, 500.00, 1);
INSERT INTO session_seat (session_id, seat_id, seat_type_id, price, seat_status_id) VALUES (14, 17, 1, 500.00, 1);
INSERT INTO session_seat (session_id, seat_id, seat_type_id, price, seat_status_id) VALUES (14, 18, 1, 500.00, 1);
INSERT INTO session_seat (session_id, seat_id, seat_type_id, price, seat_status_id) VALUES (14, 19, 1, 500.00, 1);
INSERT INTO session_seat (session_id, seat_id, seat_type_id, price, seat_status_id) VALUES (14, 20, 1, 500.00, 1);
INSERT INTO session_seat (session_id, seat_id, seat_type_id, price, seat_status_id) VALUES (14, 21, 1, 500.00, 1);
INSERT INTO session_seat (session_id, seat_id, seat_type_id, price, seat_status_id) VALUES (14, 22, 1, 500.00, 1);
INSERT INTO session_seat (session_id, seat_id, seat_type_id, price, seat_status_id) VALUES (14, 23, 1, 500.00, 1);
INSERT INTO session_seat (session_id, seat_id, seat_type_id, price, seat_status_id) VALUES (14, 24, 1, 500.00, 1);
INSERT INTO session_seat (session_id, seat_id, seat_type_id, price, seat_status_id) VALUES (14, 25, 1, 500.00, 1);
INSERT INTO session_seat (session_id, seat_id, seat_type_id, price, seat_status_id) VALUES (14, 26, 1, 500.00, 1);
INSERT INTO session_seat (session_id, seat_id, seat_type_id, price, seat_status_id) VALUES (14, 27, 1, 500.00, 1);
INSERT INTO session_seat (session_id, seat_id, seat_type_id, price, seat_status_id) VALUES (14, 28, 1, 500.00, 1);
INSERT INTO session_seat (session_id, seat_id, seat_type_id, price, seat_status_id) VALUES (14, 29, 1, 500.00, 1);
INSERT INTO session_seat (session_id, seat_id, seat_type_id, price, seat_status_id) VALUES (14, 30, 1, 500.00, 1);
INSERT INTO session_seat (session_id, seat_id, seat_type_id, price, seat_status_id) VALUES (14, 31, 1, 500.00, 1);
INSERT INTO session_seat (session_id, seat_id, seat_type_id, price, seat_status_id) VALUES (14, 32, 1, 500.00, 1);
INSERT INTO session_seat (session_id, seat_id, seat_type_id, price, seat_status_id) VALUES (14, 33, 1, 500.00, 1);
INSERT INTO session_seat (session_id, seat_id, seat_type_id, price, seat_status_id) VALUES (14, 34, 1, 500.00, 1);
INSERT INTO session_seat (session_id, seat_id, seat_type_id, price, seat_status_id) VALUES (14, 35, 1, 500.00, 1);
INSERT INTO session_seat (session_id, seat_id, seat_type_id, price, seat_status_id) VALUES (14, 36, 1, 500.00, 1);
INSERT INTO session_seat (session_id, seat_id, seat_type_id, price, seat_status_id) VALUES (14, 37, 1, 500.00, 1);
INSERT INTO session_seat (session_id, seat_id, seat_type_id, price, seat_status_id) VALUES (14, 38, 1, 500.00, 1);
INSERT INTO session_seat (session_id, seat_id, seat_type_id, price, seat_status_id) VALUES (14, 39, 1, 500.00, 1);
INSERT INTO session_seat (session_id, seat_id, seat_type_id, price, seat_status_id) VALUES (14, 40, 1, 500.00, 1);
INSERT INTO session_seat (session_id, seat_id, seat_type_id, price, seat_status_id) VALUES (14, 41, 1, 500.00, 1);
INSERT INTO session_seat (session_id, seat_id, seat_type_id, price, seat_status_id) VALUES (14, 42, 1, 500.00, 1);
INSERT INTO session_seat (session_id, seat_id, seat_type_id, price, seat_status_id) VALUES (14, 43, 1, 500.00, 1);
INSERT INTO session_seat (session_id, seat_id, seat_type_id, price, seat_status_id) VALUES (14, 44, 1, 500.00, 1);
INSERT INTO session_seat (session_id, seat_id, seat_type_id, price, seat_status_id) VALUES (14, 45, 1, 500.00, 1);
INSERT INTO session_seat (session_id, seat_id, seat_type_id, price, seat_status_id) VALUES (14, 46, 1, 500.00, 1);
INSERT INTO session_seat (session_id, seat_id, seat_type_id, price, seat_status_id) VALUES (14, 47, 1, 500.00, 1);
INSERT INTO session_seat (session_id, seat_id, seat_type_id, price, seat_status_id) VALUES (14, 48, 1, 500.00, 1);
INSERT INTO session_seat (session_id, seat_id, seat_type_id, price, seat_status_id) VALUES (14, 49, 1, 500.00, 1);
INSERT INTO session_seat (session_id, seat_id, seat_type_id, price, seat_status_id) VALUES (14, 50, 2, 620.00, 1);
INSERT INTO session_seat (session_id, seat_id, seat_type_id, price, seat_status_id) VALUES (14, 51, 2, 620.00, 1);
INSERT INTO session_seat (session_id, seat_id, seat_type_id, price, seat_status_id) VALUES (14, 52, 2, 620.00, 1);
INSERT INTO session_seat (session_id, seat_id, seat_type_id, price, seat_status_id) VALUES (14, 53, 2, 620.00, 1);
INSERT INTO session_seat (session_id, seat_id, seat_type_id, price, seat_status_id) VALUES (14, 54, 2, 620.00, 1);
INSERT INTO session_seat (session_id, seat_id, seat_type_id, price, seat_status_id) VALUES (14, 55, 2, 620.00, 1);
INSERT INTO session_seat (session_id, seat_id, seat_type_id, price, seat_status_id) VALUES (14, 56, 2, 620.00, 1);
INSERT INTO session_seat (session_id, seat_id, seat_type_id, price, seat_status_id) VALUES (14, 57, 2, 620.00, 1);
INSERT INTO session_seat (session_id, seat_id, seat_type_id, price, seat_status_id) VALUES (14, 58, 2, 620.00, 1);
INSERT INTO session_seat (session_id, seat_id, seat_type_id, price, seat_status_id) VALUES (14, 59, 2, 620.00, 1);
INSERT INTO session_seat (session_id, seat_id, seat_type_id, price, seat_status_id) VALUES (14, 60, 3, 800.00, 1);
INSERT INTO session_seat (session_id, seat_id, seat_type_id, price, seat_status_id) VALUES (14, 61, 3, 800.00, 1);
INSERT INTO session_seat (session_id, seat_id, seat_type_id, price, seat_status_id) VALUES (14, 62, 3, 800.00, 1);
INSERT INTO session_seat (session_id, seat_id, seat_type_id, price, seat_status_id) VALUES (14, 63, 3, 800.00, 1);
INSERT INTO session_seat (session_id, seat_id, seat_type_id, price, seat_status_id) VALUES (14, 64, 3, 800.00, 1);
INSERT INTO session_seat (session_id, seat_id, seat_type_id, price, seat_status_id) VALUES (14, 65, 3, 800.00, 1);
INSERT INTO session_seat (session_id, seat_id, seat_type_id, price, seat_status_id) VALUES (14, 66, 3, 800.00, 1);
INSERT INTO session_seat (session_id, seat_id, seat_type_id, price, seat_status_id) VALUES (14, 67, 3, 800.00, 1);
INSERT INTO session_seat (session_id, seat_id, seat_type_id, price, seat_status_id) VALUES (14, 68, 3, 800.00, 1);
INSERT INTO session_seat (session_id, seat_id, seat_type_id, price, seat_status_id) VALUES (14, 69, 3, 800.00, 1);
INSERT INTO session_seat (session_id, seat_id, seat_type_id, price, seat_status_id) VALUES (14, 70, 3, 800.00, 1);
INSERT INTO session_seat (session_id, seat_id, seat_type_id, price, seat_status_id) VALUES (15, 1, 1, 500.00, 1);
INSERT INTO session_seat (session_id, seat_id, seat_type_id, price, seat_status_id) VALUES (15, 2, 1, 500.00, 1);
INSERT INTO session_seat (session_id, seat_id, seat_type_id, price, seat_status_id) VALUES (15, 3, 1, 500.00, 1);
INSERT INTO session_seat (session_id, seat_id, seat_type_id, price, seat_status_id) VALUES (15, 4, 1, 500.00, 1);
INSERT INTO session_seat (session_id, seat_id, seat_type_id, price, seat_status_id) VALUES (15, 5, 1, 500.00, 1);
INSERT INTO session_seat (session_id, seat_id, seat_type_id, price, seat_status_id) VALUES (15, 6, 1, 500.00, 1);
INSERT INTO session_seat (session_id, seat_id, seat_type_id, price, seat_status_id) VALUES (15, 7, 1, 500.00, 1);
INSERT INTO session_seat (session_id, seat_id, seat_type_id, price, seat_status_id) VALUES (15, 8, 1, 500.00, 1);
INSERT INTO session_seat (session_id, seat_id, seat_type_id, price, seat_status_id) VALUES (15, 9, 1, 500.00, 1);
INSERT INTO session_seat (session_id, seat_id, seat_type_id, price, seat_status_id) VALUES (15, 10, 1, 500.00, 1);
INSERT INTO session_seat (session_id, seat_id, seat_type_id, price, seat_status_id) VALUES (15, 11, 1, 500.00, 1);
INSERT INTO session_seat (session_id, seat_id, seat_type_id, price, seat_status_id) VALUES (15, 12, 1, 500.00, 1);
INSERT INTO session_seat (session_id, seat_id, seat_type_id, price, seat_status_id) VALUES (15, 13, 1, 500.00, 1);
INSERT INTO session_seat (session_id, seat_id, seat_type_id, price, seat_status_id) VALUES (15, 14, 1, 500.00, 1);
INSERT INTO session_seat (session_id, seat_id, seat_type_id, price, seat_status_id) VALUES (15, 15, 1, 500.00, 1);
INSERT INTO session_seat (session_id, seat_id, seat_type_id, price, seat_status_id) VALUES (15, 16, 1, 500.00, 1);
INSERT INTO session_seat (session_id, seat_id, seat_type_id, price, seat_status_id) VALUES (15, 17, 1, 500.00, 1);
INSERT INTO session_seat (session_id, seat_id, seat_type_id, price, seat_status_id) VALUES (15, 18, 1, 500.00, 1);
INSERT INTO session_seat (session_id, seat_id, seat_type_id, price, seat_status_id) VALUES (15, 19, 1, 500.00, 1);
INSERT INTO session_seat (session_id, seat_id, seat_type_id, price, seat_status_id) VALUES (15, 20, 1, 500.00, 1);
INSERT INTO session_seat (session_id, seat_id, seat_type_id, price, seat_status_id) VALUES (15, 21, 1, 500.00, 1);
INSERT INTO session_seat (session_id, seat_id, seat_type_id, price, seat_status_id) VALUES (15, 22, 1, 500.00, 1);
INSERT INTO session_seat (session_id, seat_id, seat_type_id, price, seat_status_id) VALUES (15, 23, 1, 500.00, 1);
INSERT INTO session_seat (session_id, seat_id, seat_type_id, price, seat_status_id) VALUES (15, 24, 1, 500.00, 1);
INSERT INTO session_seat (session_id, seat_id, seat_type_id, price, seat_status_id) VALUES (15, 25, 1, 500.00, 1);
INSERT INTO session_seat (session_id, seat_id, seat_type_id, price, seat_status_id) VALUES (15, 26, 1, 500.00, 1);
INSERT INTO session_seat (session_id, seat_id, seat_type_id, price, seat_status_id) VALUES (15, 27, 1, 500.00, 1);
INSERT INTO session_seat (session_id, seat_id, seat_type_id, price, seat_status_id) VALUES (15, 28, 1, 500.00, 1);
INSERT INTO session_seat (session_id, seat_id, seat_type_id, price, seat_status_id) VALUES (15, 29, 1, 500.00, 1);
INSERT INTO session_seat (session_id, seat_id, seat_type_id, price, seat_status_id) VALUES (15, 30, 1, 500.00, 1);
INSERT INTO session_seat (session_id, seat_id, seat_type_id, price, seat_status_id) VALUES (15, 31, 1, 500.00, 1);
INSERT INTO session_seat (session_id, seat_id, seat_type_id, price, seat_status_id) VALUES (15, 32, 1, 500.00, 1);
INSERT INTO session_seat (session_id, seat_id, seat_type_id, price, seat_status_id) VALUES (15, 33, 1, 500.00, 1);
INSERT INTO session_seat (session_id, seat_id, seat_type_id, price, seat_status_id) VALUES (15, 34, 1, 500.00, 1);
INSERT INTO session_seat (session_id, seat_id, seat_type_id, price, seat_status_id) VALUES (15, 35, 1, 500.00, 1);
INSERT INTO session_seat (session_id, seat_id, seat_type_id, price, seat_status_id) VALUES (15, 36, 1, 500.00, 1);
INSERT INTO session_seat (session_id, seat_id, seat_type_id, price, seat_status_id) VALUES (15, 37, 1, 500.00, 1);
INSERT INTO session_seat (session_id, seat_id, seat_type_id, price, seat_status_id) VALUES (15, 38, 1, 500.00, 1);
INSERT INTO session_seat (session_id, seat_id, seat_type_id, price, seat_status_id) VALUES (15, 39, 1, 500.00, 1);
INSERT INTO session_seat (session_id, seat_id, seat_type_id, price, seat_status_id) VALUES (15, 40, 1, 500.00, 1);
INSERT INTO session_seat (session_id, seat_id, seat_type_id, price, seat_status_id) VALUES (15, 41, 1, 500.00, 1);
INSERT INTO session_seat (session_id, seat_id, seat_type_id, price, seat_status_id) VALUES (15, 42, 1, 500.00, 1);
INSERT INTO session_seat (session_id, seat_id, seat_type_id, price, seat_status_id) VALUES (15, 43, 1, 500.00, 1);
INSERT INTO session_seat (session_id, seat_id, seat_type_id, price, seat_status_id) VALUES (15, 44, 1, 500.00, 1);
INSERT INTO session_seat (session_id, seat_id, seat_type_id, price, seat_status_id) VALUES (15, 45, 1, 500.00, 1);
INSERT INTO session_seat (session_id, seat_id, seat_type_id, price, seat_status_id) VALUES (15, 46, 1, 500.00, 1);
INSERT INTO session_seat (session_id, seat_id, seat_type_id, price, seat_status_id) VALUES (15, 47, 1, 500.00, 1);
INSERT INTO session_seat (session_id, seat_id, seat_type_id, price, seat_status_id) VALUES (15, 48, 1, 500.00, 1);
INSERT INTO session_seat (session_id, seat_id, seat_type_id, price, seat_status_id) VALUES (15, 49, 1, 500.00, 1);
INSERT INTO session_seat (session_id, seat_id, seat_type_id, price, seat_status_id) VALUES (15, 50, 2, 620.00, 1);
INSERT INTO session_seat (session_id, seat_id, seat_type_id, price, seat_status_id) VALUES (15, 51, 2, 620.00, 1);
INSERT INTO session_seat (session_id, seat_id, seat_type_id, price, seat_status_id) VALUES (15, 52, 2, 620.00, 1);
INSERT INTO session_seat (session_id, seat_id, seat_type_id, price, seat_status_id) VALUES (15, 53, 2, 620.00, 1);
INSERT INTO session_seat (session_id, seat_id, seat_type_id, price, seat_status_id) VALUES (15, 54, 2, 620.00, 1);
INSERT INTO session_seat (session_id, seat_id, seat_type_id, price, seat_status_id) VALUES (15, 55, 2, 620.00, 1);
INSERT INTO session_seat (session_id, seat_id, seat_type_id, price, seat_status_id) VALUES (15, 56, 2, 620.00, 1);
INSERT INTO session_seat (session_id, seat_id, seat_type_id, price, seat_status_id) VALUES (15, 57, 2, 620.00, 1);
INSERT INTO session_seat (session_id, seat_id, seat_type_id, price, seat_status_id) VALUES (15, 58, 2, 620.00, 1);
INSERT INTO session_seat (session_id, seat_id, seat_type_id, price, seat_status_id) VALUES (15, 59, 2, 620.00, 1);
INSERT INTO session_seat (session_id, seat_id, seat_type_id, price, seat_status_id) VALUES (15, 60, 3, 800.00, 1);
INSERT INTO session_seat (session_id, seat_id, seat_type_id, price, seat_status_id) VALUES (15, 61, 3, 800.00, 1);
INSERT INTO session_seat (session_id, seat_id, seat_type_id, price, seat_status_id) VALUES (15, 62, 3, 800.00, 1);
INSERT INTO session_seat (session_id, seat_id, seat_type_id, price, seat_status_id) VALUES (15, 63, 3, 800.00, 1);
INSERT INTO session_seat (session_id, seat_id, seat_type_id, price, seat_status_id) VALUES (15, 64, 3, 800.00, 1);
INSERT INTO session_seat (session_id, seat_id, seat_type_id, price, seat_status_id) VALUES (15, 65, 3, 800.00, 1);
INSERT INTO session_seat (session_id, seat_id, seat_type_id, price, seat_status_id) VALUES (15, 66, 3, 800.00, 1);
INSERT INTO session_seat (session_id, seat_id, seat_type_id, price, seat_status_id) VALUES (15, 67, 3, 800.00, 1);
INSERT INTO session_seat (session_id, seat_id, seat_type_id, price, seat_status_id) VALUES (15, 68, 3, 800.00, 1);
INSERT INTO session_seat (session_id, seat_id, seat_type_id, price, seat_status_id) VALUES (15, 69, 3, 800.00, 1);
INSERT INTO session_seat (session_id, seat_id, seat_type_id, price, seat_status_id) VALUES (15, 70, 3, 800.00, 1);
INSERT INTO session_seat (session_id, seat_id, seat_type_id, price, seat_status_id) VALUES (16, 1, 1, 500.00, 1);
INSERT INTO session_seat (session_id, seat_id, seat_type_id, price, seat_status_id) VALUES (16, 2, 1, 500.00, 1);
INSERT INTO session_seat (session_id, seat_id, seat_type_id, price, seat_status_id) VALUES (16, 3, 1, 500.00, 1);
INSERT INTO session_seat (session_id, seat_id, seat_type_id, price, seat_status_id) VALUES (16, 4, 1, 500.00, 1);
INSERT INTO session_seat (session_id, seat_id, seat_type_id, price, seat_status_id) VALUES (16, 5, 1, 500.00, 1);
INSERT INTO session_seat (session_id, seat_id, seat_type_id, price, seat_status_id) VALUES (16, 6, 1, 500.00, 1);
INSERT INTO session_seat (session_id, seat_id, seat_type_id, price, seat_status_id) VALUES (16, 7, 1, 500.00, 1);
INSERT INTO session_seat (session_id, seat_id, seat_type_id, price, seat_status_id) VALUES (16, 8, 1, 500.00, 1);
INSERT INTO session_seat (session_id, seat_id, seat_type_id, price, seat_status_id) VALUES (16, 9, 1, 500.00, 1);
INSERT INTO session_seat (session_id, seat_id, seat_type_id, price, seat_status_id) VALUES (16, 10, 1, 500.00, 1);
INSERT INTO session_seat (session_id, seat_id, seat_type_id, price, seat_status_id) VALUES (16, 11, 1, 500.00, 1);
INSERT INTO session_seat (session_id, seat_id, seat_type_id, price, seat_status_id) VALUES (16, 12, 1, 500.00, 1);
INSERT INTO session_seat (session_id, seat_id, seat_type_id, price, seat_status_id) VALUES (16, 13, 1, 500.00, 1);
INSERT INTO session_seat (session_id, seat_id, seat_type_id, price, seat_status_id) VALUES (16, 14, 1, 500.00, 1);
INSERT INTO session_seat (session_id, seat_id, seat_type_id, price, seat_status_id) VALUES (16, 15, 1, 500.00, 1);
INSERT INTO session_seat (session_id, seat_id, seat_type_id, price, seat_status_id) VALUES (16, 16, 1, 500.00, 1);
INSERT INTO session_seat (session_id, seat_id, seat_type_id, price, seat_status_id) VALUES (16, 17, 1, 500.00, 1);
INSERT INTO session_seat (session_id, seat_id, seat_type_id, price, seat_status_id) VALUES (16, 18, 1, 500.00, 1);
INSERT INTO session_seat (session_id, seat_id, seat_type_id, price, seat_status_id) VALUES (16, 19, 1, 500.00, 1);
INSERT INTO session_seat (session_id, seat_id, seat_type_id, price, seat_status_id) VALUES (16, 20, 1, 500.00, 1);
INSERT INTO session_seat (session_id, seat_id, seat_type_id, price, seat_status_id) VALUES (16, 21, 1, 500.00, 1);
INSERT INTO session_seat (session_id, seat_id, seat_type_id, price, seat_status_id) VALUES (16, 22, 1, 500.00, 1);
INSERT INTO session_seat (session_id, seat_id, seat_type_id, price, seat_status_id) VALUES (16, 23, 1, 500.00, 1);
INSERT INTO session_seat (session_id, seat_id, seat_type_id, price, seat_status_id) VALUES (16, 24, 1, 500.00, 1);
INSERT INTO session_seat (session_id, seat_id, seat_type_id, price, seat_status_id) VALUES (16, 25, 1, 500.00, 1);
INSERT INTO session_seat (session_id, seat_id, seat_type_id, price, seat_status_id) VALUES (16, 26, 1, 500.00, 1);
INSERT INTO session_seat (session_id, seat_id, seat_type_id, price, seat_status_id) VALUES (16, 27, 1, 500.00, 1);
INSERT INTO session_seat (session_id, seat_id, seat_type_id, price, seat_status_id) VALUES (16, 28, 1, 500.00, 1);
INSERT INTO session_seat (session_id, seat_id, seat_type_id, price, seat_status_id) VALUES (16, 29, 1, 500.00, 1);
INSERT INTO session_seat (session_id, seat_id, seat_type_id, price, seat_status_id) VALUES (16, 30, 1, 500.00, 1);
INSERT INTO session_seat (session_id, seat_id, seat_type_id, price, seat_status_id) VALUES (16, 31, 1, 500.00, 1);
INSERT INTO session_seat (session_id, seat_id, seat_type_id, price, seat_status_id) VALUES (16, 32, 1, 500.00, 1);
INSERT INTO session_seat (session_id, seat_id, seat_type_id, price, seat_status_id) VALUES (16, 33, 1, 500.00, 1);
INSERT INTO session_seat (session_id, seat_id, seat_type_id, price, seat_status_id) VALUES (16, 34, 1, 500.00, 1);
INSERT INTO session_seat (session_id, seat_id, seat_type_id, price, seat_status_id) VALUES (16, 35, 1, 500.00, 1);
INSERT INTO session_seat (session_id, seat_id, seat_type_id, price, seat_status_id) VALUES (16, 36, 1, 500.00, 1);
INSERT INTO session_seat (session_id, seat_id, seat_type_id, price, seat_status_id) VALUES (16, 37, 1, 500.00, 1);
INSERT INTO session_seat (session_id, seat_id, seat_type_id, price, seat_status_id) VALUES (16, 38, 1, 500.00, 1);
INSERT INTO session_seat (session_id, seat_id, seat_type_id, price, seat_status_id) VALUES (16, 39, 1, 500.00, 1);
INSERT INTO session_seat (session_id, seat_id, seat_type_id, price, seat_status_id) VALUES (16, 40, 1, 500.00, 1);
INSERT INTO session_seat (session_id, seat_id, seat_type_id, price, seat_status_id) VALUES (16, 41, 1, 500.00, 1);
INSERT INTO session_seat (session_id, seat_id, seat_type_id, price, seat_status_id) VALUES (16, 42, 1, 500.00, 1);
INSERT INTO session_seat (session_id, seat_id, seat_type_id, price, seat_status_id) VALUES (16, 43, 1, 500.00, 1);
INSERT INTO session_seat (session_id, seat_id, seat_type_id, price, seat_status_id) VALUES (16, 44, 1, 500.00, 1);
INSERT INTO session_seat (session_id, seat_id, seat_type_id, price, seat_status_id) VALUES (16, 45, 1, 500.00, 1);
INSERT INTO session_seat (session_id, seat_id, seat_type_id, price, seat_status_id) VALUES (16, 46, 1, 500.00, 1);
INSERT INTO session_seat (session_id, seat_id, seat_type_id, price, seat_status_id) VALUES (16, 47, 1, 500.00, 1);
INSERT INTO session_seat (session_id, seat_id, seat_type_id, price, seat_status_id) VALUES (16, 48, 1, 500.00, 1);
INSERT INTO session_seat (session_id, seat_id, seat_type_id, price, seat_status_id) VALUES (16, 49, 1, 500.00, 1);
INSERT INTO session_seat (session_id, seat_id, seat_type_id, price, seat_status_id) VALUES (16, 50, 2, 620.00, 1);
INSERT INTO session_seat (session_id, seat_id, seat_type_id, price, seat_status_id) VALUES (16, 51, 2, 620.00, 1);
INSERT INTO session_seat (session_id, seat_id, seat_type_id, price, seat_status_id) VALUES (16, 52, 2, 620.00, 1);
INSERT INTO session_seat (session_id, seat_id, seat_type_id, price, seat_status_id) VALUES (16, 53, 2, 620.00, 1);
INSERT INTO session_seat (session_id, seat_id, seat_type_id, price, seat_status_id) VALUES (16, 54, 2, 620.00, 1);
INSERT INTO session_seat (session_id, seat_id, seat_type_id, price, seat_status_id) VALUES (16, 55, 2, 620.00, 1);
INSERT INTO session_seat (session_id, seat_id, seat_type_id, price, seat_status_id) VALUES (16, 56, 2, 620.00, 1);
INSERT INTO session_seat (session_id, seat_id, seat_type_id, price, seat_status_id) VALUES (16, 57, 2, 620.00, 1);
INSERT INTO session_seat (session_id, seat_id, seat_type_id, price, seat_status_id) VALUES (16, 58, 2, 620.00, 1);
INSERT INTO session_seat (session_id, seat_id, seat_type_id, price, seat_status_id) VALUES (16, 59, 2, 620.00, 1);
INSERT INTO session_seat (session_id, seat_id, seat_type_id, price, seat_status_id) VALUES (16, 60, 3, 800.00, 1);
INSERT INTO session_seat (session_id, seat_id, seat_type_id, price, seat_status_id) VALUES (16, 61, 3, 800.00, 1);
INSERT INTO session_seat (session_id, seat_id, seat_type_id, price, seat_status_id) VALUES (16, 62, 3, 800.00, 1);
INSERT INTO session_seat (session_id, seat_id, seat_type_id, price, seat_status_id) VALUES (16, 63, 3, 800.00, 1);
INSERT INTO session_seat (session_id, seat_id, seat_type_id, price, seat_status_id) VALUES (16, 64, 3, 800.00, 1);
INSERT INTO session_seat (session_id, seat_id, seat_type_id, price, seat_status_id) VALUES (16, 65, 3, 800.00, 1);
INSERT INTO session_seat (session_id, seat_id, seat_type_id, price, seat_status_id) VALUES (16, 66, 3, 800.00, 1);
INSERT INTO session_seat (session_id, seat_id, seat_type_id, price, seat_status_id) VALUES (16, 67, 3, 800.00, 1);
INSERT INTO session_seat (session_id, seat_id, seat_type_id, price, seat_status_id) VALUES (16, 68, 3, 800.00, 1);
INSERT INTO session_seat (session_id, seat_id, seat_type_id, price, seat_status_id) VALUES (16, 69, 3, 800.00, 1);
INSERT INTO session_seat (session_id, seat_id, seat_type_id, price, seat_status_id) VALUES (16, 70, 3, 800.00, 1);

DROP TABLE IF EXISTS session_seat_client CASCADE;
CREATE TABLE session_seat_client (
    session_seat_id INT NOT NULL,
    client_id INT NOT NULL,
    CONSTRAINT fk_session_seat_client_session_seat_id
        FOREIGN KEY (session_seat_id)
            REFERENCES session_seat(session_seat_id)
            ON DELETE CASCADE,
    CONSTRAINT fk_session_seat_client_client_id
        FOREIGN KEY (client_id)
            REFERENCES client(client_id)
            ON DELETE CASCADE
);

--SELECT ss.session_seat_id as session_seat_id FROM session_seat ss LEFT JOIN seat s ON (ss.seat_id = s.seat_id) WHERE ss.session_id = '1' AND ss.seat_status_id = '1' AND s.seat_row = '1' AND s.seat_number IN (1, 2, 3, 4);
-- returning ids session_seat_id
UPDATE session_seat SET seat_status_id = '2' WHERE session_seat_id IN (1, 2, 3, 4);
INSERT INTO session_seat_client (session_seat_id, client_id) VALUES (1, 1);
INSERT INTO session_seat_client (session_seat_id, client_id) VALUES (2, 1);
INSERT INTO session_seat_client (session_seat_id, client_id) VALUES (3, 1);
INSERT INTO session_seat_client (session_seat_id, client_id) VALUES (4, 1);


--SELECT ss.session_seat_id as session_seat_id FROM session_seat ss LEFT JOIN seat s ON (ss.seat_id = s.seat_id) WHERE ss.session_id = '1' AND ss.seat_status_id = '1' AND s.seat_row = '1' AND s.seat_number IN (5, 6, 7, 8);
-- returning ids session_seat_id
UPDATE session_seat SET seat_status_id = '2' WHERE session_seat_id IN (5, 6, 7, 8);
INSERT INTO session_seat_client (session_seat_id, client_id) VALUES (5, 2);
INSERT INTO session_seat_client (session_seat_id, client_id) VALUES (6, 2);
INSERT INTO session_seat_client (session_seat_id, client_id) VALUES (7, 2);
INSERT INTO session_seat_client (session_seat_id, client_id) VALUES (8, 2);

--SELECT ss.session_seat_id as session_seat_id FROM session_seat ss LEFT JOIN seat s ON (ss.seat_id = s.seat_id) WHERE ss.session_id = '1' AND ss.seat_status_id = '1' AND s.seat_row = '1' AND s.seat_number = 9;
-- returning ids session_seat_id
UPDATE session_seat SET seat_status_id = '2' WHERE session_seat_id = 9;
INSERT INTO session_seat_client (session_seat_id, client_id) VALUES (9, 3);

--SELECT ss.session_seat_id as session_seat_id FROM session_seat ss LEFT JOIN seat s ON (ss.seat_id = s.seat_id) WHERE ss.session_id = '1' AND ss.seat_status_id = '1' AND s.seat_row = '2' AND s.seat_number = 10;
-- returning ids session_seat_id
UPDATE session_seat SET seat_status_id = '2' WHERE session_seat_id = 20;
INSERT INTO session_seat_client (session_seat_id, client_id) VALUES (20, 3);

/* history */
DROP TABLE IF EXISTS history CASCADE;
CREATE TABLE history (
    history_id SERIAL PRIMARY KEY,
    session_id INT NOT NULL,
    history_total NUMERIC(8,2),
    CONSTRAINT fk_history_session_id
        FOREIGN KEY (session_id)
            REFERENCES session(session_id)
            ON DELETE CASCADE
);

INSERT INTO history (session_id, history_total) VALUES (1, 21600.00);
INSERT INTO history (session_id, history_total) VALUES (2, 21900.00);
INSERT INTO history (session_id, history_total) VALUES (3, 22400.00);
INSERT INTO history (session_id, history_total) VALUES (4, 23000.00);
INSERT INTO history (session_id, history_total) VALUES (5, 21000.00);
INSERT INTO history (session_id, history_total) VALUES (6, 18000.00);
INSERT INTO history (session_id, history_total) VALUES (7, 17500.00);
INSERT INTO history (session_id, history_total) VALUES (8, 16000.00);
INSERT INTO history (session_id, history_total) VALUES (9, 22000.00);
INSERT INTO history (session_id, history_total) VALUES (10, 24000.00);
INSERT INTO history (session_id, history_total) VALUES (11, 25000.00);
INSERT INTO history (session_id, history_total) VALUES (12, 23800.00);
INSERT INTO history (session_id, history_total) VALUES (13, 27500.00);
INSERT INTO history (session_id, history_total) VALUES (14, 28300.00);
INSERT INTO history (session_id, history_total) VALUES (15, 25400.00);
INSERT INTO history (session_id, history_total) VALUES (16, 25200.00);