INSERT INTO public.films (id, name) VALUES (3, 'Трафик');
INSERT INTO public.films (id, name) VALUES (4, 'Армия мертвецов');
INSERT INTO public.films (id, name) VALUES (1, 'Никто');
INSERT INTO public.films (id, name) VALUES (2, 'Игры шпионов');

INSERT INTO public.attr_types (id, name) VALUES (1, 'Рецензии');
INSERT INTO public.attr_types (id, name) VALUES (3, 'Важные даты');
INSERT INTO public.attr_types (id, name) VALUES (4, 'Служебные даты');
INSERT INTO public.attr_types (id, name) VALUES (2, 'Премии');
INSERT INTO public.attr_types (id, name) VALUES (5, 'Сборы');

INSERT INTO public.films_attrs (id, name, type_id) VALUES (1, 'Рецензии критиков', 1);
INSERT INTO public.films_attrs (id, name, type_id) VALUES (2, 'Рецензии посетителей', 1);
INSERT INTO public.films_attrs (id, name, type_id) VALUES (3, 'Оскар', 2);
INSERT INTO public.films_attrs (id, name, type_id) VALUES (4, 'Золотой глобус', 2);
INSERT INTO public.films_attrs (id, name, type_id) VALUES (5, 'Британская академия', 2);
INSERT INTO public.films_attrs (id, name, type_id) VALUES (6, 'Премьера в мире', 3);
INSERT INTO public.films_attrs (id, name, type_id) VALUES (7, 'Премьера в США', 3);
INSERT INTO public.films_attrs (id, name, type_id) VALUES (8, 'Премьера в России', 3);
INSERT INTO public.films_attrs (id, name, type_id) VALUES (9, 'Дата начала продажи билетов', 4);
INSERT INTO public.films_attrs (id, name, type_id) VALUES (10, 'Дата публикации трейлера в соц.сетях', 4);
INSERT INTO public.films_attrs (id, name, type_id) VALUES (11, 'Дата старта наружной рекламы', 4);
INSERT INTO public.films_attrs (id, name, type_id) VALUES (12, 'Сборы в США', 5);
INSERT INTO public.films_attrs (id, name, type_id) VALUES (13, 'Сборы в мире', 5);

INSERT INTO public.films_attrs_values (id, film_id, attr_id, value_float, value_date, value_text, value_bool) VALUES (1, 1, 1, null, null, 'Удивился ли я, посмотрев один из самых качественных боевиков за последнее время? Конечно! Изумился ли я, когда увидел в графе ''режиссер'' Илью Найшуллера? Разумеется! ', null);
INSERT INTO public.films_attrs_values (id, film_id, attr_id, value_float, value_date, value_text, value_bool) VALUES (2, 1, 2, null, null, 'Я не собираюсь говорить, что «Никто» плохой фильм. Нет, хороший и Найшуллер молодец. Удачи ему! Фильм можно смело глянуть и получить неописуемое удовольствие.', null);
INSERT INTO public.films_attrs_values (id, film_id, attr_id, value_float, value_date, value_text, value_bool) VALUES (3, 2, 1, null, null, 'Фильму сильно не хватает того напряжения, которое свойственно лучшим представителям шпионского жанра. Конечно, как драма о настоящей дружбе и человеческих отношениях он смотрится более чем не плохо, но принимая во внимание потенциал реальной истории и обстоятельства, в которых она происходила, не покидает ощущение упущенных возможностей. Мог получиться гнетущий шпионский триллер, а на выходе - лишь приятная драма на пару просмотров с весьма спорной точкой зрения авторов, открыто романтизирующих предателя Родины.', null);
INSERT INTO public.films_attrs_values (id, film_id, attr_id, value_float, value_date, value_text, value_bool) VALUES (4, 2, 2, null, null, 'Такие фильмы нужно смотреть очень внимательно, и вы точно получите удовольствие от насыщенной событиями, непредсказуемой шпионской игры.', null);
INSERT INTO public.films_attrs_values (id, film_id, attr_id, value_float, value_date, value_text, value_bool) VALUES (5, 3, 1, null, null, 'Сам по себе фильм и внимание способен привлечь (все таки тема наркотиков, их перевозки и распространения — одна из наиболее существенных в нашем сегодняшнем мире), и актерским составом заинтересовать, однако глубины и проработанности ему все же не хватает. ', null);
INSERT INTO public.films_attrs_values (id, film_id, attr_id, value_float, value_date, value_text, value_bool) VALUES (6, 3, 2, null, null, 'Это умное и холодное кино, заполненное терминами и сложной болтовней, но при этом ни разу не вызывающее уныния. Во многом это благодаря замечательным артистам, собравшимся в таком проекте не для всех. ', null);
INSERT INTO public.films_attrs_values (id, film_id, attr_id, value_float, value_date, value_text, value_bool) VALUES (7, 1, 3, null, null, null, true);
INSERT INTO public.films_attrs_values (id, film_id, attr_id, value_float, value_date, value_text, value_bool) VALUES (8, 1, 4, null, null, null, true);
INSERT INTO public.films_attrs_values (id, film_id, attr_id, value_float, value_date, value_text, value_bool) VALUES (9, 1, 5, null, null, null, true);
INSERT INTO public.films_attrs_values (id, film_id, attr_id, value_float, value_date, value_text, value_bool) VALUES (10, 2, 5, null, null, null, true);
INSERT INTO public.films_attrs_values (id, film_id, attr_id, value_float, value_date, value_text, value_bool) VALUES (11, 3, 4, null, null, null, true);
INSERT INTO public.films_attrs_values (id, film_id, attr_id, value_float, value_date, value_text, value_bool) VALUES (21, 4, 6, null, '2021-05-21 00:00:00', null, null);
INSERT INTO public.films_attrs_values (id, film_id, attr_id, value_float, value_date, value_text, value_bool) VALUES (22, 4, 7, null, '2021-05-21 00:00:00', null, null);
INSERT INTO public.films_attrs_values (id, film_id, attr_id, value_float, value_date, value_text, value_bool) VALUES (26, 1, 11, null, '2021-03-01 00:00:00', null, null);
INSERT INTO public.films_attrs_values (id, film_id, attr_id, value_float, value_date, value_text, value_bool) VALUES (31, 4, 9, null, '2021-05-10 00:00:00', null, null);
INSERT INTO public.films_attrs_values (id, film_id, attr_id, value_float, value_date, value_text, value_bool) VALUES (32, 4, 10, null, '2021-04-20 00:00:00', null, null);
INSERT INTO public.films_attrs_values (id, film_id, attr_id, value_float, value_date, value_text, value_bool) VALUES (33, 4, 11, null, '2021-05-01 00:00:00', null, null);
INSERT INTO public.films_attrs_values (id, film_id, attr_id, value_float, value_date, value_text, value_bool) VALUES (34, 1, 12, 2722000, null, null, null);
INSERT INTO public.films_attrs_values (id, film_id, attr_id, value_float, value_date, value_text, value_bool) VALUES (36, 2, 12, 500000, null, null, null);
INSERT INTO public.films_attrs_values (id, film_id, attr_id, value_float, value_date, value_text, value_bool) VALUES (37, 2, 13, 3000000, null, null, null);
INSERT INTO public.films_attrs_values (id, film_id, attr_id, value_float, value_date, value_text, value_bool) VALUES (38, 3, 12, 404738, null, null, null);
INSERT INTO public.films_attrs_values (id, film_id, attr_id, value_float, value_date, value_text, value_bool) VALUES (39, 3, 13, 1500000, null, null, null);
INSERT INTO public.films_attrs_values (id, film_id, attr_id, value_float, value_date, value_text, value_bool) VALUES (35, 1, 13, 2833679872, null, null, null);
INSERT INTO public.films_attrs_values (id, film_id, attr_id, value_float, value_date, value_text, value_bool) VALUES (24, 1, 9, null, '2021-03-24 00:00:00', null, null);
INSERT INTO public.films_attrs_values (id, film_id, attr_id, value_float, value_date, value_text, value_bool) VALUES (28, 2, 10, null, '2021-03-24 00:00:00', null, null);
INSERT INTO public.films_attrs_values (id, film_id, attr_id, value_float, value_date, value_text, value_bool) VALUES (23, 4, 8, null, '2021-04-21 00:00:00', null, null);
INSERT INTO public.films_attrs_values (id, film_id, attr_id, value_float, value_date, value_text, value_bool) VALUES (25, 1, 10, null, '2021-03-01 00:00:00', null, null);
INSERT INTO public.films_attrs_values (id, film_id, attr_id, value_float, value_date, value_text, value_bool) VALUES (12, 1, 6, null, '2021-03-08 00:00:00', null, null);
INSERT INTO public.films_attrs_values (id, film_id, attr_id, value_float, value_date, value_text, value_bool) VALUES (13, 1, 7, null, '2021-03-10 00:00:00', null, null);
INSERT INTO public.films_attrs_values (id, film_id, attr_id, value_float, value_date, value_text, value_bool) VALUES (14, 1, 8, null, '2021-03-12 00:00:00', null, null);
INSERT INTO public.films_attrs_values (id, film_id, attr_id, value_float, value_date, value_text, value_bool) VALUES (15, 2, 6, null, '2021-03-24 00:00:00', null, null);
INSERT INTO public.films_attrs_values (id, film_id, attr_id, value_float, value_date, value_text, value_bool) VALUES (16, 2, 7, null, '2021-03-24 00:00:00', null, null);
INSERT INTO public.films_attrs_values (id, film_id, attr_id, value_float, value_date, value_text, value_bool) VALUES (17, 2, 8, null, '2021-03-30 00:00:00', null, null);
INSERT INTO public.films_attrs_values (id, film_id, attr_id, value_float, value_date, value_text, value_bool) VALUES (27, 2, 9, null, '2021-03-21 00:00:00', null, null);
INSERT INTO public.films_attrs_values (id, film_id, attr_id, value_float, value_date, value_text, value_bool) VALUES (29, 3, 9, null, '2021-03-21 00:00:00', null, null);
INSERT INTO public.films_attrs_values (id, film_id, attr_id, value_float, value_date, value_text, value_bool) VALUES (30, 3, 10, null, '2021-03-21 00:00:00', null, null);
INSERT INTO public.films_attrs_values (id, film_id, attr_id, value_float, value_date, value_text, value_bool) VALUES (18, 3, 6, null, '2021-03-26 00:00:00', null, null);
INSERT INTO public.films_attrs_values (id, film_id, attr_id, value_float, value_date, value_text, value_bool) VALUES (19, 3, 7, null, '2021-03-26 00:00:00', null, null);
INSERT INTO public.films_attrs_values (id, film_id, attr_id, value_float, value_date, value_text, value_bool) VALUES (20, 3, 8, null, '2021-04-01 00:00:00', null, null);